PLAYER_ID,RANK,PLAYER,TEAM_ID,TEAM,GP,MIN,FGM,FGA,FG_PCT,FG3M,FG3A,FG3_PCT,FTM,FTA,FT_PCT,OREB,DREB,REB,AST,STL,BLK,TOV,PTS,EFF
203954,1,Joel Embiid,1610612755,PHI,68,33.8,9.8,19.6,0.499,1.4,3.7,0.371,9.6,11.8,0.814,2.1,9.6,11.7,4.2,1.1,1.5,3.1,30.6,33.9
203507,2,Giannis Antetokounmpo,1610612749,MIL,67,32.9,10.3,18.6,0.553,1.1,3.6,0.293,8.3,11.4,0.722,2,9.6,11.6,5.8,1.1,1.4,3.3,29.9,35
1629029,3,Luka Doncic,1610612742,DAL,65,35.4,9.9,21.6,0.457,3.1,8.8,0.353,5.6,7.5,0.744,0.9,8.3,9.1,8.7,1.2,0.6,4.5,28.4,29.8
1629027,4,Trae Young,1610612737,ATL,76,34.9,9.4,20.3,0.46,3.1,8,0.382,6.6,7.3,0.904,0.7,3.1,3.7,9.7,0.9,0.1,4,28.4,27.2
201942,5,DeMar DeRozan,1610612741,CHI,76,36.1,10.2,20.2,0.504,0.7,1.9,0.352,6.8,7.8,0.877,0.7,4.4,5.2,4.9,0.9,0.3,2.4,27.9,25.8
203999,6,Nikola Jokic,1610612743,DEN,74,33.5,10.3,17.7,0.583,1.3,3.9,0.337,5.1,6.3,0.81,2.8,11,13.8,7.9,1.5,0.9,3.8,27.1,38.7
1628369,7,Jayson Tatum,1610612738,BOS,76,35.9,9.3,20.6,0.453,3,8.6,0.353,5.3,6.2,0.853,1.1,6.9,8,4.4,1,0.6,2.9,26.9,25.9
1626164,8,Devin Booker,1610612756,PHX,68,34.5,9.7,20.9,0.466,2.7,7,0.383,4.6,5.3,0.868,0.7,4.4,5,4.8,1.1,0.4,2.4,26.8,23.9
1628378,9,Donovan Mitchell,1610612762,UTA,67,33.8,9.2,20.5,0.448,3.5,9.8,0.355,4,4.7,0.853,0.8,3.4,4.2,5.3,1.5,0.2,3,25.9,22.1
201939,10,Stephen Curry,1610612744,GSW,64,34.5,8.4,19.1,0.437,4.5,11.7,0.38,4.3,4.7,0.923,0.5,4.7,5.2,6.3,1.3,0.4,3.2,25.5,24.4
1626157,11,Karl-Anthony Towns,1610612750,MIN,74,33.4,8.7,16.4,0.529,2,4.9,0.41,5.2,6.3,0.822,2.6,7.2,9.8,3.6,1,1.1,3.1,24.6,28.2
203897,12,Zach LaVine,1610612741,CHI,67,34.7,8.4,17.7,0.476,2.8,7.1,0.389,4.8,5.6,0.853,0.3,4.3,4.6,4.5,0.6,0.3,2.6,24.4,21.8
1627759,13,Jaylen Brown,1610612738,BOS,66,33.6,8.7,18.4,0.473,2.5,7,0.358,3.7,4.8,0.758,0.8,5.3,6.1,3.5,1.1,0.3,2.7,23.6,21
1628368,14,De'Aaron Fox,1610612758,SAC,59,35.3,8.7,18.5,0.473,1.3,4.2,0.297,4.4,5.9,0.75,0.4,3.5,3.9,5.6,1.2,0.4,2.8,23.2,20.2
1627783,15,Pascal Siakam,1610612761,TOR,68,37.9,8.8,17.8,0.494,1.1,3.2,0.344,4.2,5.6,0.749,1.9,6.6,8.5,5.3,1.3,0.6,2.7,22.8,25.5
203468,16,CJ McCollum,1610612740,NOP,62,34.6,8.6,18.8,0.46,2.9,7.6,0.388,1.9,2.7,0.682,0.9,3.5,4.3,5.1,1.1,0.4,2,22.1,20
201935,17,James Harden,1610612755,PHI,65,37.2,6.3,15.3,0.41,2.3,6.9,0.33,7.2,8.2,0.877,0.8,6.8,7.7,10.3,1.3,0.6,4.4,22,27.4
1629636,18,Darius Garland,1610612739,CLE,68,35.7,8,17.3,0.462,2.6,6.7,0.383,3.2,3.5,0.892,0.6,2.7,3.3,8.6,1.3,0.1,3.6,21.7,21.6
1630162,19,Anthony Edwards,1610612750,MIN,72,34.3,7.6,17.3,0.441,3,8.4,0.357,3.1,3.9,0.786,0.9,3.9,4.8,3.8,1.5,0.6,2.6,21.3,18.8
1627749,20,Dejounte Murray,1610612759,SAS,68,34.8,8.4,18.3,0.462,1.4,4.3,0.327,2.9,3.6,0.794,1.2,7.1,8.3,9.2,2,0.3,2.6,21.1,27.8
1629639,21,Tyler Herro,1610612748,MIA,66,32.6,7.6,17,0.447,2.7,6.7,0.399,2.9,3.3,0.868,0.5,4.5,5,4,0.7,0.1,2.6,20.7,18
1627832,22,Fred VanVleet,1610612761,TOR,65,37.9,6.8,16.9,0.403,3.7,9.9,0.377,3,3.4,0.874,0.7,3.8,4.4,6.7,1.7,0.5,2.6,20.3,20.6
1628970,23,Miles Bridges,1610612766,CHA,80,35.5,7.5,15.2,0.491,1.9,5.8,0.331,3.3,4.2,0.802,1.1,5.9,7,3.8,0.9,0.8,1.9,20.2,22.2
1630163,24,LaMelo Ball,1610612766,CHA,75,32.3,7.2,16.7,0.429,2.9,7.5,0.389,2.8,3.2,0.872,1.4,5.2,6.7,7.6,1.6,0.4,3.3,20.1,23.2
203944,25,Julius Randle,1610612752,NYK,72,35.3,7.1,17.3,0.411,1.7,5.4,0.308,4.2,5.6,0.756,1.7,8.2,9.9,5.1,0.7,0.5,3.4,20.1,21.5
203114,26,Khris Middleton,1610612749,MIL,66,32.4,6.8,15.5,0.443,2.5,6.6,0.373,3.9,4.4,0.89,0.6,4.8,5.4,5.4,1.2,0.3,2.9,20.1,20.3
1629628,27,RJ Barrett,1610612752,NYK,70,34.5,7,17.1,0.408,2,5.8,0.342,4.1,5.8,0.714,0.9,4.9,5.8,3,0.6,0.2,2.2,20,15.8
1626179,28,Terry Rozier,1610612766,CHA,73,33.7,7.1,16,0.444,3,8.1,0.374,2.1,2.4,0.852,0.8,3.5,4.3,4.5,1.3,0.3,1.3,19.3,19.1
1627734,29,Domantas Sabonis,1610612758,SAC,62,34.5,7.1,12.5,0.573,0.6,2,0.312,4,5.4,0.741,3.2,8.9,12.1,5.2,1,0.4,3.1,18.9,27.8
1629673,30,Jordan Poole,1610612744,GSW,76,30,6.2,13.9,0.448,2.8,7.6,0.364,3.2,3.5,0.925,0.4,3,3.4,4,0.8,0.3,2.5,18.5,16.6
201566,31,Russell Westbrook,1610612747,LAL,78,34.3,7,15.8,0.444,1,3.4,0.298,3.4,5.1,0.667,1.4,6,7.4,7.1,1,0.3,3.8,18.5,19.9
1629018,32,Gary Trent Jr.,1610612761,TOR,70,35,6.4,15.5,0.414,3,7.8,0.383,2.5,2.9,0.853,0.4,2.4,2.7,2,1.7,0.3,1,18.3,14.5
201950,33,Jrue Holiday,1610612749,MIL,67,32.9,7.1,14.2,0.501,2,4.8,0.411,2,2.7,0.761,1,3.5,4.5,6.8,1.6,0.4,2.7,18.3,21.2
1630217,34,Desmond Bane,1610612763,MEM,76,29.8,6.7,14.5,0.461,3,6.9,0.436,1.8,2,0.903,0.6,3.8,4.4,2.7,1.2,0.4,1.5,18.2,17.5
1626156,35,D'Angelo Russell,1610612750,MIN,65,32,6.2,15,0.411,2.7,8,0.34,3,3.7,0.825,0.4,2.9,3.3,7.1,1,0.3,2.5,18.1,17.8
202711,36,Bojan Bogdanovic,1610612762,UTA,69,30.9,6.1,13.4,0.455,2.6,6.8,0.387,3.2,3.8,0.858,0.8,3.4,4.3,1.7,0.5,0,1.7,18.1,15
1626174,37,Christian Wood,1610612745,HOU,68,30.8,6.5,12.9,0.501,1.9,4.9,0.39,3,4.9,0.623,1.6,8.5,10.1,2.3,0.8,1,1.9,17.9,21.9
202685,38,Jonas Valanciunas,1610612740,NOP,74,30.3,6.9,12.7,0.544,0.8,2.1,0.361,3.2,3.9,0.82,3.1,8.3,11.4,2.6,0.6,0.8,2.4,17.8,24.2
202696,39,Nikola Vucevic,1610612741,CHI,73,33.1,7.5,15.8,0.473,1.4,4.5,0.314,1.3,1.7,0.76,1.9,9.1,11,3.2,1,1,1.9,17.6,23.2
1630178,40,Tyrese Maxey,1610612755,PHI,75,35.3,6.4,13.3,0.485,1.8,4.1,0.427,2.8,3.3,0.866,0.3,2.9,3.2,4.3,0.7,0.4,1.2,17.5,17.7
1630595,41,Cade Cunningham,1610612765,DET,64,32.6,6.7,16.1,0.416,1.8,5.7,0.314,2.2,2.6,0.845,0.9,4.6,5.5,5.6,1.2,0.7,3.7,17.4,16.9
1630224,42,Jalen Green,1610612745,HOU,67,31.9,6.1,14.2,0.426,2.3,6.8,0.343,2.8,3.5,0.797,0.5,2.9,3.4,2.6,0.7,0.3,2,17.3,13.3
202699,43,Tobias Harris,1610612755,PHI,73,34.8,6.8,14,0.482,1.4,3.8,0.367,2.3,2.8,0.842,1.1,5.7,6.8,3.5,0.6,0.6,1.6,17.2,19.4
203952,44,Andrew Wiggins,1610612744,GSW,73,31.9,6.5,14,0.466,2.2,5.5,0.393,2,3.2,0.634,1.2,3.3,4.5,2.2,1,0.7,1.5,17.2,15.5
1629028,45,Deandre Ayton,1610612756,PHX,58,29.5,7.6,12,0.634,0.1,0.3,0.368,1.8,2.4,0.746,2.6,7.7,10.2,1.4,0.7,0.7,1.6,17.2,23.7
1628398,46,Kyle Kuzma,1610612764,WAS,66,33.4,6.4,14.2,0.452,1.9,5.7,0.341,2.4,3.3,0.712,1.1,7.4,8.5,3.5,0.6,0.9,2.6,17.1,19.4
1629640,47,Keldon Johnson,1610612759,SAS,75,31.9,6.3,13.5,0.466,2.1,5.3,0.398,2.4,3.1,0.756,1.1,5,6.1,2.1,0.8,0.2,1.2,17,17
1627747,48,Caris LeVert,1610612739,CLE,58,30.7,6.5,14.7,0.444,1.4,4.4,0.32,2.5,3.3,0.756,0.7,2.9,3.7,4.3,0.9,0.4,1.9,17,15.4
202704,49,Reggie Jackson,1610612746,LAC,75,31.2,6.4,16.3,0.392,2.2,6.8,0.326,1.8,2.2,0.847,0.5,3.1,3.6,4.8,0.7,0.2,2.3,16.8,13.6
203084,50,Harrison Barnes,1610612758,SAC,77,33.6,5.1,10.8,0.469,1.8,4.7,0.394,4.4,5.4,0.826,1.1,4.5,5.6,2.4,0.7,0.2,1.5,16.4,17.1
1630175,51,Cole Anthony,1610612753,ORL,65,31.7,5.5,14,0.391,2,6,0.338,3.3,3.9,0.854,0.5,4.9,5.4,5.7,0.7,0.3,2.6,16.3,16.6
1628991,52,Jaren Jackson Jr.,1610612763,MEM,78,27.3,5.5,13.3,0.415,1.6,5.1,0.319,3.6,4.4,0.823,1.5,4.3,5.8,1.1,0.9,2.3,1.7,16.3,16.2
1628973,53,Jalen Brunson,1610612742,DAL,79,31.9,6.4,12.8,0.502,1.2,3.2,0.373,2.3,2.7,0.84,0.5,3.4,3.9,4.8,0.8,0,1.6,16.3,17.5
1630180,54,Saddiq Bey,1610612765,DET,82,33,5.5,13.9,0.396,2.6,7.4,0.346,2.6,3.1,0.827,1.3,4.1,5.4,2.8,0.9,0.2,1.2,16.1,15.3
203903,55,Jordan Clarkson,1610612762,UTA,79,27.1,5.9,14.1,0.419,2.4,7.6,0.318,1.8,2.2,0.828,0.8,2.6,3.5,2.5,0.8,0.2,1.6,16,12.8
1627741,56,Buddy Hield,1610612754,IND,81,30.9,5.5,13.6,0.406,3.2,8.8,0.366,1.4,1.6,0.874,0.8,3.5,4.4,2.8,0.9,0.3,1.9,15.6,13.9
203497,57,Rudy Gobert,1610612762,UTA,66,32.1,5.5,7.7,0.713,0,0.1,0,4.6,6.7,0.69,3.7,11,14.7,1.1,0.7,2.1,1.8,15.6,28
1629645,58,Kevin Porter Jr.,1610612745,HOU,61,31.3,5.5,13.2,0.415,2.5,6.8,0.375,2,3.2,0.642,0.7,3.7,4.4,6.2,1.1,0.4,3.1,15.6,15.6
1630169,59,Tyrese Haliburton,1610612754,IND,77,35,5.6,11.8,0.473,2.1,5.1,0.414,2.1,2.5,0.842,0.8,3.2,4,8.2,1.7,0.6,2.6,15.3,20.7
1630567,60,Scottie Barnes,1610612761,TOR,74,35.4,6.2,12.6,0.492,0.8,2.6,0.301,2.1,2.9,0.735,2.6,4.9,7.5,3.5,1.1,0.7,1.8,15.3,19.1
1630532,61,Franz Wagner,1610612753,ORL,79,30.7,5.8,12.3,0.468,1.2,3.4,0.354,2.4,2.8,0.863,1.1,3.4,4.5,2.9,0.9,0.4,1.5,15.2,15.4
203992,62,Bogdan Bogdanovic,1610612737,ATL,63,29.3,5.4,12.6,0.431,2.7,7.3,0.368,1.5,1.8,0.843,0.5,3.5,4,3.1,1.1,0.2,1.1,15.1,14.9
1628976,63,Wendell Carter Jr.,1610612753,ORL,62,29.9,5.8,11,0.525,1.1,3.5,0.327,2.3,3.3,0.691,2.2,8.2,10.5,2.8,0.6,0.7,1.9,15,21.3
203932,64,Aaron Gordon,1610612743,DEN,75,31.7,5.8,11.1,0.52,1.2,3.5,0.335,2.3,3.1,0.743,1.7,4.2,5.9,2.5,0.6,0.6,1.8,15,16.7
203552,65,Seth Curry,1610612751,BKN,64,33.3,5.6,11.5,0.487,2.5,5.8,0.422,1.3,1.5,0.872,0.3,2.8,3.1,3.6,0.8,0.2,1.7,15,15
1630596,66,Evan Mobley,1610612739,CLE,69,33.8,6.1,12,0.508,0.3,1.3,0.25,2.4,3.7,0.663,2.1,6.2,8.3,2.5,0.8,1.7,1.9,15,19.2
1626162,67,Kelly Oubre Jr.,1610612766,CHA,76,26.3,5.4,12.3,0.44,2.5,7.3,0.345,1.7,2.5,0.667,1,2.9,4,1.1,1,0.4,0.9,15,12.9
1628374,68,Lauri Markkanen,1610612739,CLE,61,30.8,5.1,11.5,0.445,2.2,6.2,0.358,2.3,2.6,0.868,1,4.7,5.7,1.3,0.7,0.5,0.9,14.8,15.3
101108,69,Chris Paul,1610612756,PHX,65,32.9,5.6,11.3,0.493,1,3.1,0.317,2.6,3.1,0.837,0.3,4,4.4,10.8,1.9,0.3,2.4,14.7,23.5
203115,70,Will Barton,1610612743,DEN,71,32.1,5.5,12.6,0.438,2.2,6.1,0.365,1.4,1.8,0.803,0.6,4.2,4.8,3.9,0.8,0.4,1.8,14.7,15.3
1626171,71,Bobby Portis,1610612749,MIL,72,28.2,5.8,12.1,0.479,1.8,4.7,0.393,1.2,1.6,0.752,2.5,6.6,9.1,1.2,0.7,0.7,1.3,14.6,18.4
1628969,72,Mikal Bridges,1610612756,PHX,82,34.8,5.6,10.5,0.534,1.4,3.8,0.369,1.6,1.9,0.834,0.9,3.3,4.2,2.3,1.2,0.4,0.8,14.2,16.2
203095,73,Evan Fournier,1610612752,NYK,80,29.5,5,12.1,0.417,3,7.7,0.389,1,1.4,0.708,0.4,2.2,2.6,2.1,1,0.3,1.3,14.1,11.3
1628370,74,Malik Monk,1610612747,LAL,76,28.1,5.1,10.9,0.473,2.3,5.8,0.391,1.2,1.5,0.795,0.5,2.9,3.4,2.9,0.8,0.4,1.6,13.8,13.6
203915,75,Spencer Dinwiddie,1610612742,DAL,67,29.6,4.6,11,0.416,1.7,4.9,0.339,2.9,3.8,0.774,0.7,3.5,4.2,5.2,0.7,0.2,1.6,13.7,15.1
201144,76,Mike Conley,1610612762,UTA,72,28.6,4.8,11,0.435,2.3,5.8,0.408,1.8,2.3,0.796,0.7,2.4,3,5.3,1.3,0.3,1.7,13.7,15.3
201567,77,Kevin Love,1610612739,CLE,74,22.5,4.4,10.3,0.43,2.5,6.4,0.392,2.2,2.7,0.838,1.2,6.1,7.2,2.2,0.4,0.2,1.3,13.6,16
203471,78,Dennis Schroder,1610612745,HOU,64,28.7,4.9,11.3,0.431,1.3,3.9,0.344,2.5,2.9,0.853,0.5,2.8,3.3,4.6,0.8,0.1,2.2,13.5,13.4
1627751,79,Jakob Poeltl,1610612759,SAS,68,29,6,9.8,0.618,0,0,1,1.4,2.8,0.495,3.9,5.5,9.3,2.8,0.7,1.7,1.6,13.5,21.2
200768,80,Kyle Lowry,1610612748,MIA,63,33.9,4.4,10,0.44,2.3,6.1,0.377,2.3,2.8,0.851,0.5,4,4.5,7.5,1.1,0.3,2.7,13.4,18.1
2546,81,Carmelo Anthony,1610612747,LAL,69,26,4.6,10.5,0.441,2.2,5.8,0.375,1.9,2.3,0.83,0.9,3.3,4.2,1,0.7,0.8,0.9,13.3,12.8
1628401,82,Derrick White,1610612738,BOS,75,29.3,4.5,10.7,0.421,1.5,4.9,0.312,2.7,3.1,0.864,0.5,3,3.5,4.9,0.9,0.8,1.6,13.2,15
203484,83,Kentavious Caldwell-Pope,1610612764,WAS,77,30.2,4.7,10.8,0.435,2.1,5.3,0.39,1.8,2,0.89,0.5,2.9,3.4,1.9,1.1,0.3,1.3,13.2,12.4
1626149,84,Montrezl Harrell,1610612766,CHA,71,23.1,5,7.8,0.645,0.1,0.2,0.235,3,4.2,0.716,2.1,4,6.1,2,0.4,0.6,1,13.1,17.3
1629632,85,Coby White,1610612741,CHI,61,27.5,4.6,10.6,0.433,2.2,5.8,0.385,1.3,1.5,0.857,0.3,2.7,3,2.9,0.5,0.2,1.1,12.7,11.8
1628420,86,Monte Morris,1610612743,DEN,75,29.9,5,10.3,0.484,1.7,4.2,0.395,1,1.1,0.869,0.4,2.7,3,4.4,0.7,0.2,1,12.6,14.5
1629661,87,Cameron Johnson,1610612756,PHX,66,26.2,4.2,9.2,0.46,2.5,5.9,0.425,1.5,1.7,0.86,0.6,3.5,4.1,1.5,0.9,0.2,0.7,12.5,13.3
1630170,88,Devin Vassell,1610612759,SAS,71,27.3,4.6,10.8,0.427,1.9,5.4,0.361,1.2,1.4,0.838,0.6,3.7,4.3,1.9,1.1,0.6,0.8,12.3,12.9
1629022,89,Lonnie Walker IV,1610612759,SAS,70,23,4.4,10.9,0.407,1.6,5,0.314,1.7,2.1,0.784,0.3,2.3,2.6,2.2,0.6,0.3,1,12.1,9.8
203935,90,Marcus Smart,1610612738,BOS,71,32.3,4.2,10.1,0.418,1.7,5.1,0.331,2,2.5,0.793,0.6,3.2,3.8,5.9,1.7,0.3,2.2,12.1,15.1
1627736,91,Malik Beasley,1610612750,MIN,79,25,4.2,10.8,0.391,3,8.1,0.377,0.6,0.8,0.817,0.3,2.5,2.9,1.5,0.5,0.2,0.5,12.1,9.9
1628989,92,Kevin Huerter,1610612737,ATL,74,29.6,4.7,10.3,0.454,2.2,5.6,0.389,0.6,0.7,0.808,0.4,3,3.4,2.7,0.7,0.4,1.2,12.1,12.4
1628379,93,Luke Kennard,1610612746,LAC,70,27.4,4.1,9.1,0.449,2.7,6,0.449,1,1.1,0.896,0.3,3,3.3,2.1,0.6,0.1,0.9,11.9,11.9
1628984,94,Devonte' Graham,1610612740,NOP,76,28.4,3.9,10.7,0.363,2.5,7.4,0.341,1.6,1.8,0.843,0.5,1.8,2.3,4.2,0.9,0.2,1.4,11.9,10.9
1630256,95,Jae'Sean Tate,1610612745,HOU,78,26.4,4.7,9.3,0.498,0.8,2.6,0.312,1.7,2.4,0.707,1.7,3.7,5.4,2.8,0.9,0.5,1.8,11.8,14.3
201568,96,Danilo Gallinari,1610612737,ATL,66,25.3,3.9,9,0.434,1.7,4.5,0.381,2.1,2.4,0.904,0.5,4.1,4.7,1.5,0.4,0.2,0.6,11.7,12.6
202692,97,Alec Burks,1610612752,NYK,81,28.6,3.5,9,0.391,1.9,4.8,0.404,2.7,3.3,0.822,0.6,4.3,4.9,3,1,0.3,1.1,11.7,13.7
1630558,98,Davion Mitchell,1610612758,SAC,75,27.7,4.7,11.2,0.418,1.3,4.3,0.316,0.7,1.1,0.659,0.4,1.8,2.2,4.2,0.7,0.3,1.5,11.5,10.5
201988,99,Patty Mills,1610612751,BKN,81,29,4,9.8,0.408,2.8,7,0.4,0.6,0.7,0.814,0.2,1.7,1.9,2.3,0.6,0.2,0.9,11.4,9.6
1630193,100,Immanuel Quickley,1610612752,NYK,78,23.1,3.6,9.3,0.392,1.8,5.1,0.346,2.3,2.6,0.881,0.4,2.8,3.2,3.5,0.7,0,1.3,11.3,11.5
203914,101,Gary Harris,1610612753,ORL,61,28.4,3.9,9.1,0.434,1.9,5,0.384,1.4,1.6,0.874,0.6,1.4,2,1.8,1,0.1,1,11.1,9.7
1628960,102,Grayson Allen,1610612749,MIL,66,27.3,3.9,8.6,0.448,2.4,5.9,0.409,1,1.1,0.865,0.5,2.9,3.4,1.5,0.7,0.3,0.7,11.1,11.4
203991,103,Clint Capela,1610612737,ATL,74,27.6,5,8.2,0.613,0,0,0,1.1,2.3,0.473,3.8,8.1,11.9,1.2,0.7,1.3,0.6,11.1,21.2
1627827,104,Dorian Finney-Smith,1610612742,DAL,80,33.1,4.1,8.7,0.471,2.2,5.4,0.395,0.7,1,0.675,1.5,3.2,4.7,1.9,1.1,0.5,1,11,13.2
1628977,105,Hamidou Diallo,1610612765,DET,58,21.9,4.5,9.1,0.496,0.4,1.6,0.247,1.6,2.4,0.65,1.2,3.6,4.8,1.3,1.2,0.3,1,11,12.1
1629130,106,Duncan Robinson,1610612748,MIA,79,25.9,3.7,9.2,0.399,2.9,7.9,0.372,0.6,0.8,0.836,0.3,2.3,2.6,1.6,0.5,0.2,0.8,10.9,9.4
1629001,107,De'Anthony Melton,1610612763,MEM,73,22.7,3.8,9.5,0.404,1.9,5.1,0.374,1.2,1.6,0.75,0.9,3.6,4.5,2.7,1.4,0.5,1.5,10.8,12.3
1629647,108,Darius Bazley,1610612760,OKC,69,27.9,4,9.4,0.422,1.2,3.9,0.297,1.7,2.5,0.688,1,5.3,6.3,1.4,0.8,1,1.3,10.8,12.9
1626166,109,Cameron Payne,1610612756,PHX,58,22,4.1,10.1,0.409,1.2,3.6,0.336,1.3,1.5,0.843,0.4,2.6,3,4.9,0.7,0.3,1.8,10.8,11.7
1629611,110,Terance Mann,1610612746,LAC,81,28.6,4.1,8.5,0.484,0.9,2.6,0.365,1.6,2,0.78,1.3,4,5.2,2.6,0.7,0.3,1,10.8,13.7
1626224,111,Cedi Osman,1610612739,CLE,66,22.2,3.7,8.7,0.432,1.9,5.4,0.357,1.3,2,0.664,0.4,1.8,2.2,2,0.8,0.2,1,10.7,9.3
1628964,112,Mo Bamba,1610612753,ORL,71,25.7,4.2,8.7,0.48,1.5,4,0.381,0.8,1,0.781,2.1,6,8.1,1.2,0.5,1.7,1.1,10.6,16.3
1629638,113,Nickeil Alexander-Walker,1610612762,UTA,65,22.6,3.9,10.5,0.372,1.6,5.2,0.311,1.2,1.7,0.743,0.6,2.3,2.9,2.4,0.7,0.4,1.4,10.6,8.6
1629622,114,Max Strus,1610612748,MIA,68,23.3,3.7,8.3,0.441,2.7,6.5,0.41,0.6,0.8,0.792,0.4,2.6,3,1.4,0.4,0.2,0.8,10.6,9.9
1626168,115,Trey Lyles,1610612758,SAC,75,20.5,3.5,7.5,0.466,0.9,2.8,0.321,2.6,3.2,0.802,1.2,3.9,5.1,1.2,0.4,0.4,1,10.5,11.9
1630544,116,Tre Mann,1610612760,OKC,60,22.8,3.9,9.8,0.393,1.6,4.5,0.36,1.1,1.4,0.793,0.4,2.4,2.9,1.5,0.8,0.2,1.2,10.4,8.4
1629634,117,Brandon Clarke,1610612763,MEM,64,19.5,4.5,7,0.644,0.1,0.3,0.227,1.3,2,0.654,2.1,3.2,5.3,1.3,0.6,1.1,0.5,10.4,15
1627826,118,Ivica Zubac,1610612746,LAC,76,24.4,4.1,6.5,0.626,0,0,0,2.2,3,0.727,2.9,5.6,8.5,1.6,0.5,1,1.5,10.3,17.1
201145,119,Jeff Green,1610612743,DEN,75,24.7,3.7,7.1,0.524,0.7,2.2,0.315,2.2,2.6,0.833,0.5,2.5,3.1,1.3,0.4,0.4,0.9,10.3,10.6
1629023,120,P.J. Washington,1610612766,CHA,65,27.2,3.8,8.2,0.47,1.7,4.6,0.365,0.9,1.2,0.716,1.3,3.9,5.2,2.3,0.9,0.9,1.3,10.3,13.6
1626196,121,Josh Richardson,1610612759,SAS,65,24.6,3.6,8.2,0.438,1.6,3.8,0.415,1.5,1.7,0.889,0.6,2.2,2.8,1.8,0.9,0.4,1,10.2,10.4
203463,122,Ben McLemore,1610612757,POR,64,20.1,3.4,8.4,0.401,2.4,6.5,0.362,1.1,1.4,0.818,0.2,1.4,1.6,0.9,0.6,0.2,0.9,10.2,7.4
201143,123,Al Horford,1610612738,BOS,69,29.1,3.9,8.2,0.467,1.3,3.8,0.336,1.2,1.4,0.842,1.6,6.1,7.7,3.4,0.7,1.3,0.9,10.2,17.7
203200,124,Justin Holiday,1610612758,SAC,74,27.8,3.5,8.9,0.394,2.4,6.5,0.367,0.7,0.8,0.806,0.4,2.2,2.6,1.7,0.8,0.4,0.9,10.1,9.1
1630538,125,Bones Hyland,1610612743,DEN,69,19,3.3,8.3,0.403,1.9,5.2,0.366,1.6,1.8,0.856,0.2,2.5,2.7,2.8,0.6,0.3,1.2,10.1,10
1629726,126,Garrison Mathews,1610612745,HOU,65,26.3,2.8,7.1,0.399,2.1,5.9,0.36,2.2,2.8,0.794,0.5,2.4,2.9,1,0.9,0.4,0.6,10,9.7
203082,127,Terrence Ross,1610612753,ORL,63,23,3.5,8.8,0.397,1.2,4.2,0.292,1.8,2.1,0.862,0.3,2.2,2.6,1.8,0.4,0.2,1.2,10,8.2
1629057,128,Robert Williams III,1610612738,BOS,61,29.6,4.4,6,0.736,0,0,0,1.1,1.5,0.722,3.9,5.7,9.6,2,0.9,2.2,1,10,21.7
1629659,129,Talen Horton-Tucker,1610612747,LAL,60,25.2,3.7,9,0.416,0.8,3,0.269,1.7,2.1,0.8,0.6,2.6,3.2,2.7,1,0.5,1.4,10,10.3
1626192,130,Pat Connaughton,1610612749,MIL,65,26,3.5,7.6,0.458,2.2,5.7,0.395,0.7,0.8,0.833,0.7,3.5,4.2,1.3,0.9,0.2,0.5,9.9,11.7
1630578,131,Alperen Sengun,1610612745,HOU,72,20.7,3.5,7.3,0.474,0.4,1.6,0.248,2.3,3.2,0.711,1.9,3.5,5.5,2.6,0.8,0.9,2,9.6,12.6
1630529,132,Herbert Jones,1610612740,NOP,78,29.9,3.5,7.4,0.476,0.7,2.2,0.337,1.8,2.1,0.84,1.3,2.5,3.8,2.1,1.7,0.8,1.3,9.5,12.4
203109,133,Jae Crowder,1610612756,PHX,67,28.1,3.2,8.1,0.399,1.9,5.4,0.348,1.1,1.3,0.789,0.4,4.8,5.3,1.9,1.4,0.4,0.8,9.4,12.4
1628449,134,Chris Boucher,1610612761,TOR,80,21.1,3.4,7.2,0.464,0.9,2.9,0.297,1.9,2.4,0.777,2.2,3.9,6.2,0.3,0.6,0.9,0.5,9.4,12.5
1629655,135,Daniel Gafford,1610612764,WAS,72,20.1,4,5.7,0.693,0,0,0,1.5,2.1,0.699,2.2,3.5,5.7,0.9,0.4,1.4,0.9,9.4,14.5
1629637,136,Jaxson Hayes,1610612740,NOP,70,20,3.5,5.7,0.616,0.3,0.8,0.351,2.1,2.7,0.766,1.6,2.9,4.5,0.6,0.5,0.8,0.8,9.3,12.1
1630228,137,Jonathan Kuminga,1610612744,GSW,70,16.9,3.4,6.6,0.513,0.7,2.1,0.336,1.9,2.7,0.684,0.8,2.6,3.3,0.9,0.4,0.3,1.1,9.3,9.2
1630183,138,Jaden McDaniels,1610612750,MIN,70,25.8,3.6,7.9,0.46,1.1,3.6,0.317,0.8,1,0.803,1.1,3.1,4.2,1.1,0.7,0.8,1.1,9.2,10.5
1627777,139,Georges Niang,1610612755,PHI,76,22.8,3.2,7.4,0.437,2.1,5.1,0.403,0.7,0.8,0.881,0.3,2.3,2.7,1.3,0.4,0.2,0.8,9.2,8.8
201976,140,Patrick Beverley,1610612750,MIN,58,25.4,3.1,7.5,0.406,1.4,4.2,0.343,1.7,2.3,0.722,1.1,3.1,4.1,4.6,1.2,0.9,1.3,9.2,13.6
201580,141,JaVale McGee,1610612756,PHX,74,15.8,3.9,6.2,0.629,0,0.1,0.222,1.4,2,0.699,2.2,4.5,6.7,0.6,0.3,1.1,1.3,9.2,13.6
1628997,142,Caleb Martin,1610612748,MIA,60,22.9,3.5,6.8,0.507,1.1,2.6,0.413,1.2,1.6,0.763,1.2,2.7,3.8,1.1,1,0.5,0.9,9.2,11
1629052,143,Oshae Brissett,1610612754,IND,67,23.3,3.1,7.6,0.411,1.2,3.5,0.35,1.7,2.4,0.695,1.6,3.7,5.3,1.1,0.7,0.4,0.8,9.1,10.7
1630173,144,Precious Achiuwa,1610612761,TOR,73,23.6,3.6,8.3,0.439,0.8,2.1,0.359,1.1,1.8,0.595,2,4.5,6.5,1.1,0.5,0.6,1.2,9.1,11.3
1630167,145,Obi Toppin,1610612752,NYK,72,17.1,3.5,6.6,0.531,0.7,2.3,0.308,1.3,1.7,0.758,1,2.8,3.7,1.1,0.3,0.5,0.8,9,10.3
1628971,146,Bruce Brown,1610612751,BKN,72,24.6,3.6,7,0.506,0.5,1.3,0.404,1.3,1.8,0.758,1.4,3.4,4.8,2.1,1.1,0.7,0.8,9,12.9
1629599,147,Amir Coffey,1610612746,LAC,69,22.7,3.1,6.8,0.453,1.4,3.7,0.378,1.5,1.7,0.863,0.4,2.5,2.9,1.8,0.6,0.2,0.7,9,9.8
1629021,148,Moritz Wagner,1610612753,ORL,63,15.2,3.1,6.3,0.497,1,3.2,0.328,1.7,2,0.806,0.7,3,3.7,1.4,0.3,0.2,0.9,9,10.1
1629002,149,Chimezie Metu,1610612758,SAC,60,21.3,3.4,7.5,0.452,1,3.1,0.306,1.2,1.5,0.78,0.6,5,5.6,1,0.9,0.5,1,8.9,11.4
1627854,150,Bryn Forbes,1610612743,DEN,75,17.1,3.1,7.2,0.429,1.6,3.9,0.414,1.1,1.2,0.908,0.1,1.1,1.2,1,0.3,0.1,0.7,8.8,6.5
1630245,151,Ayo Dosunmu,1610612741,CHI,77,27.4,3.6,6.9,0.52,0.9,2.4,0.376,0.7,1,0.679,0.4,2.4,2.8,3.3,0.8,0.4,1.4,8.8,11
1630231,152,KJ Martin,1610612745,HOU,79,21,3.5,6.6,0.533,0.8,2.1,0.357,1,1.6,0.634,1,2.7,3.8,1.3,0.4,0.5,0.8,8.8,10.4
1630171,153,Isaac Okoro,1610612739,CLE,67,29.6,3.1,6.4,0.48,0.8,2.3,0.35,1.8,2.3,0.768,1.1,1.9,3,1.8,0.8,0.3,0.9,8.8,10
203939,154,Dwight Powell,1610612742,DAL,82,21.9,3.3,4.9,0.671,0.2,0.5,0.351,2,2.6,0.783,2.1,2.8,4.9,1.2,0.5,0.5,0.8,8.7,12.8
1629216,155,Gabe Vincent,1610612748,MIA,68,23.4,3.1,7.5,0.417,1.8,4.8,0.368,0.6,0.8,0.815,0.3,1.5,1.9,3.1,0.9,0.2,1.4,8.7,8.7
1626145,156,Tyus Jones,1610612763,MEM,73,21.2,3.4,7.6,0.451,1.1,2.8,0.39,0.7,0.9,0.818,0.2,2.2,2.4,4.4,0.9,0,0.6,8.7,11.5
1629643,157,Chuma Okeke,1610612753,ORL,70,25,3.1,8.2,0.376,1.7,5.3,0.318,0.8,0.9,0.846,0.7,4.3,5,1.7,1.4,0.6,0.8,8.6,11.2
203493,158,Reggie Bullock Jr.,1610612742,DAL,68,28,3,7.4,0.401,2.1,5.8,0.36,0.6,0.7,0.833,0.5,3.1,3.5,1.2,0.6,0.2,0.6,8.6,9
1630560,159,Cam Thomas,1610612751,BKN,67,17.6,3.3,7.5,0.433,0.7,2.6,0.27,1.3,1.6,0.829,0.2,2.2,2.4,1.2,0.5,0.1,0.8,8.5,7.3
203496,160,Robert Covington,1610612746,LAC,71,27.3,2.9,7,0.42,1.8,4.8,0.378,0.8,1,0.841,0.8,4.7,5.5,1.3,1.5,1.3,1.1,8.5,12.8
1629669,161,Jaylen Nowell,1610612750,MIN,62,15.7,3.2,6.7,0.475,1,2.6,0.394,1.2,1.5,0.783,0.4,1.6,2,2.1,0.4,0.2,0.6,8.5,8.8
1629011,162,Mitchell Robinson,1610612752,NYK,72,25.7,3.6,4.8,0.761,0,0,0,1.2,2.5,0.486,4.1,4.5,8.6,0.5,0.8,1.8,0.8,8.5,17
1630166,163,Deni Avdija,1610612764,WAS,82,24.2,3,7.1,0.432,1,3.2,0.317,1.3,1.7,0.757,0.6,4.5,5.2,2,0.7,0.5,1.1,8.4,11.4
201587,164,Nicolas Batum,1610612746,LAC,59,24.8,3,6.6,0.463,1.8,4.6,0.4,0.4,0.6,0.658,0.5,3.8,4.3,1.7,1,0.7,0.7,8.3,11.6
1629013,165,Landry Shamet,1610612756,PHX,69,20.8,2.8,7,0.394,1.8,4.8,0.368,1,1.2,0.84,0.2,1.6,1.8,1.6,0.4,0.1,0.6,8.3,7.2
1630191,166,Isaiah Stewart,1610612765,DET,71,25.6,3.5,6.9,0.51,0.2,0.6,0.326,1,1.5,0.718,3.2,5.5,8.7,1.2,0.3,1.1,1.2,8.3,14.6
1628392,167,Isaiah Hartenstein,1610612746,LAC,68,17.9,3.4,5.4,0.626,0.2,0.4,0.467,1.3,1.9,0.689,1.7,3.2,4.9,2.4,0.7,1.1,1.2,8.3,13.5
1629675,168,Naz Reid,1610612750,MIN,77,15.8,3,6.2,0.489,0.7,2.2,0.343,1.5,1.9,0.765,1.3,2.6,3.9,0.9,0.5,0.9,1.1,8.3,9.9
1630557,169,Corey Kispert,1610612764,WAS,77,23.4,3,6.7,0.455,1.5,4.2,0.35,0.7,0.8,0.871,0.7,2,2.7,1.1,0.5,0.3,0.6,8.2,8.4
202355,170,Hassan Whiteside,1610612762,UTA,65,17.9,3.3,5.1,0.652,0,0,0,1.6,2.6,0.623,2.6,5,7.6,0.4,0.3,1.6,0.8,8.2,14.6
203490,171,Otto Porter Jr.,1610612744,GSW,63,22.2,3.1,6.6,0.464,1.3,3.4,0.37,0.8,1,0.803,1.4,4.4,5.7,1.5,1.1,0.5,0.6,8.2,12.6
1630533,172,Ziaire Williams,1610612763,MEM,62,21.7,3.1,6.8,0.45,1.2,3.9,0.314,0.7,0.9,0.782,0.4,1.7,2.1,1,0.6,0.2,0.7,8.1,7.4
202709,173,Cory Joseph,1610612765,DET,65,24.6,2.7,6.2,0.445,1,2.4,0.414,1.5,1.7,0.885,0.4,2.2,2.7,3.6,0.6,0.3,1.3,8,10.3
203083,174,Andre Drummond,1610612751,BKN,73,19.7,3.4,5.9,0.57,0,0,0,1.2,2.2,0.524,3.1,6.2,9.3,1.8,1.1,0.9,1.6,7.9,15.9
1630528,175,Josh Christopher,1610612745,HOU,74,18,3,6.8,0.448,0.8,2.6,0.296,1.1,1.5,0.735,0.7,1.8,2.5,2,0.9,0.2,1.5,7.9,7.9
1629670,176,Jordan Nwora,1610612749,MIL,62,19.1,3,7.5,0.403,1.3,3.7,0.348,0.6,0.7,0.837,0.6,3,3.6,1,0.4,0.3,0.9,7.9,7.6
1629684,177,Grant Williams,1610612738,BOS,77,24.4,2.7,5.6,0.475,1.4,3.4,0.411,1.1,1.2,0.905,0.8,2.7,3.6,1,0.5,0.7,0.8,7.8,9.8
1629234,178,Drew Eubanks,1610612757,POR,71,17.5,3.1,5.2,0.596,0.1,0.3,0.217,1.4,1.8,0.762,1.8,3.5,5.4,1.2,0.4,0.6,1.1,7.7,11.6
1628998,179,Cody Martin,1610612766,CHA,71,26.3,2.9,6,0.482,0.9,2.2,0.384,1.1,1.5,0.701,1.2,2.9,4,2.5,1.2,0.5,0.9,7.7,11.5
1630181,180,R.J. Hampton,1610612753,ORL,64,21.9,2.7,7.1,0.383,1,2.9,0.35,1.2,1.8,0.641,0.4,2.7,3,2.5,0.7,0.2,1.4,7.6,7.6
1630197,181,Aleksej Pokusevski,1610612760,OKC,61,20.2,3,7.5,0.408,0.9,3.2,0.289,0.6,0.8,0.7,1.2,4,5.2,2.1,0.6,0.6,1.5,7.6,10
1627788,182,Furkan Korkmaz,1610612755,PHI,67,21.1,2.7,7,0.387,1.1,4,0.289,1,1.3,0.81,0.3,2.3,2.6,1.9,0.5,0.1,0.7,7.6,7.5
200782,183,P.J. Tucker,1610612748,MIA,71,27.9,2.9,6,0.484,1.1,2.7,0.415,0.6,0.9,0.738,1.4,4,5.5,2.1,0.8,0.2,0.9,7.6,11.9
203937,184,Kyle Anderson,1610612763,MEM,69,21.5,3,6.8,0.446,0.5,1.6,0.33,1,1.5,0.638,1,4.3,5.3,2.7,1.1,0.7,1,7.6,12
203526,185,Raul Neto,1610612764,WAS,70,19.6,2.9,6.3,0.463,0.5,1.7,0.292,1.2,1.5,0.769,0.2,1.7,1.9,3.1,0.8,0,1.1,7.5,8.5
1627814,186,Damion Lee,1610612744,GSW,63,20,2.7,6.1,0.441,1,3,0.337,1,1.2,0.88,0.4,2.8,3.2,1,0.6,0.1,0.6,7.4,8.2
1626220,187,Royce O'Neale,1610612762,UTA,77,31.2,2.6,5.8,0.457,1.5,4,0.389,0.6,0.7,0.804,0.8,3.9,4.8,2.5,1.1,0.4,1,7.4,11.9
1630559,188,Austin Reaves,1610612747,LAL,61,23.2,2.4,5.2,0.459,0.9,2.7,0.317,1.6,1.9,0.839,0.7,2.4,3.2,1.8,0.5,0.3,0.7,7.3,9.3
1627752,189,Taurean Prince,1610612750,MIN,69,17.1,2.6,5.7,0.454,1.2,3.3,0.376,0.9,1.2,0.756,0.4,2.1,2.5,1,0.7,0.3,0.8,7.3,7.7
1629750,190,Javonte Green,1610612741,CHI,65,23.4,2.7,5,0.542,0.6,1.6,0.356,1.2,1.5,0.833,1.4,2.8,4.2,0.9,1,0.5,0.5,7.2,10.9
1627780,191,Gary Payton II,1610612744,GSW,71,17.6,3,4.8,0.616,0.6,1.7,0.358,0.5,0.8,0.603,1,2.5,3.5,0.9,1.4,0.3,0.6,7.1,10.4
1628467,192,Maxi Kleber,1610612742,DAL,59,24.6,2.4,6,0.398,1.4,4.3,0.325,0.8,1.1,0.708,1.2,4.7,5.9,1.2,0.5,1,0.8,7,10.8
203500,193,Steven Adams,1610612763,MEM,76,26.3,2.8,5.1,0.547,0,0,0,1.4,2.6,0.543,4.6,5.4,10,3.4,0.9,0.8,1.5,6.9,17
1629020,194,Jarred Vanderbilt,1610612750,MIN,74,25.4,2.9,4.9,0.587,0,0.2,0.143,1.2,1.8,0.656,2.9,5.5,8.4,1.3,1.3,0.6,1,6.9,15
1630165,195,Killian Hayes,1610612765,DET,66,25,2.7,7,0.383,0.7,2.5,0.263,0.9,1.1,0.77,0.5,2.6,3.2,4.2,1.2,0.5,1.7,6.9,9.7
1628470,196,Torrey Craig,1610612756,PHX,78,20.5,2.6,5.7,0.454,1,3,0.329,0.5,0.7,0.75,1.1,2.9,4,1.2,0.6,0.5,0.9,6.6,8.7
203486,197,Mason Plumlee,1610612766,CHA,73,24.6,2.8,4.4,0.641,0,0,0,0.9,2.3,0.392,2.4,5.3,7.7,3.1,0.8,0.7,1.4,6.5,14.5
203210,198,JaMychal Green,1610612743,DEN,67,16.2,2.4,4.9,0.486,0.5,1.9,0.266,1.2,1.4,0.871,1.2,3,4.2,0.9,0.6,0.4,0.9,6.4,9
202340,199,Avery Bradley,1610612747,LAL,62,22.7,2.4,5.6,0.423,1.3,3.4,0.39,0.3,0.3,0.889,0.5,1.7,2.2,0.8,0.9,0.1,0.6,6.4,6.4
1628988,200,Aaron Holiday,1610612756,PHX,63,16.2,2.4,5.4,0.447,0.6,1.6,0.379,0.9,1.1,0.868,0.4,1.6,1.9,2.4,0.7,0.1,1.1,6.3,7.3
202397,201,Ish Smith,1610612764,WAS,65,17.3,2.8,6.6,0.43,0.4,1,0.373,0.2,0.4,0.625,0.4,1.8,2.2,3.8,0.7,0.4,1.2,6.3,8.2
203473,202,Dewayne Dedmon,1610612748,MIA,67,15.9,2.4,4.3,0.566,0.3,0.7,0.404,1.1,1.5,0.75,1.6,4.2,5.8,0.7,0.4,0.6,1,6.3,10.4
1630202,203,Payton Pritchard,1610612738,BOS,71,14.1,2.3,5.3,0.429,1.4,3.5,0.412,0.3,0.3,1,0.5,1.4,1.9,2,0.4,0.1,0.6,6.2,6.9
2730,204,Dwight Howard,1610612747,LAL,60,16.2,2.2,3.7,0.612,0.1,0.3,0.533,1.6,2.4,0.658,2,4,5.9,0.6,0.6,0.6,0.8,6.2,10.9
202357,205,Nemanja Bjelica,1610612744,GSW,71,16.1,2.3,4.8,0.468,0.8,2.1,0.362,0.8,1.1,0.728,0.9,3.3,4.1,2.2,0.6,0.4,1.2,6.1,9.3
1630205,206,Lamar Stevens,1610612739,CLE,63,16.1,2.5,5.1,0.489,0.3,1,0.277,0.8,1.2,0.707,0.7,1.9,2.6,0.7,0.5,0.3,0.7,6.1,6.6
203085,207,Austin Rivers,1610612743,DEN,67,22.1,2.2,5.2,0.417,1.2,3.4,0.342,0.5,0.7,0.727,0.3,1.4,1.7,1.3,0.8,0.1,0.8,6,5.9
1626172,208,Kevon Looney,1610612744,GSW,82,21.1,2.5,4.4,0.571,0,0,0,0.9,1.5,0.6,2.5,4.7,7.3,2,0.6,0.6,0.8,6,13.2
1630200,209,Tre Jones,1610612759,SAS,69,16.6,2.4,4.9,0.49,0.1,0.7,0.196,1,1.3,0.78,0.4,1.8,2.2,3.4,0.6,0.1,0.7,6,8.9
201980,210,Danny Green,1610612755,PHI,62,21.8,2,5.2,0.394,1.7,4.4,0.38,0.2,0.2,0.786,0.5,2,2.5,1,1,0.6,0.7,5.9,7.1
1629604,211,CJ Elleby,1610612757,POR,58,20.2,2.1,5.3,0.393,0.6,2.2,0.294,1,1.4,0.714,1.1,2.8,3.9,1.5,0.6,0.3,1,5.8,7.6
1629672,212,Eric Paschall,1610612762,UTA,58,12.7,2,4.1,0.485,0.7,1.9,0.37,1.1,1.5,0.767,0.5,1.3,1.8,0.6,0.2,0.1,0.5,5.8,5.6
1629680,213,Matisse Thybulle,1610612755,PHI,66,25.5,2.3,4.5,0.5,0.7,2.2,0.313,0.5,0.7,0.791,0.6,1.7,2.3,1.1,1.7,1.1,0.6,5.7,9
1628966,214,Keita Bates-Diop,1610612759,SAS,59,16.2,2.3,4.5,0.517,0.3,0.9,0.309,0.8,1,0.754,1.1,2.9,3.9,0.7,0.5,0.2,0.8,5.7,7.8
201949,215,James Johnson,1610612751,BKN,62,19.2,2.3,5,0.469,0.4,1.4,0.271,0.5,0.9,0.527,0.8,2.6,3.5,2.1,0.5,0.5,0.8,5.5,8.3
1630530,216,Trey Murphy III,1610612740,NOP,62,13.9,1.8,4.5,0.394,1.1,3,0.382,0.7,0.8,0.882,0.8,1.6,2.4,0.6,0.4,0.1,0.3,5.4,5.8
202066,217,Garrett Temple,1610612740,NOP,59,18.6,1.9,5,0.376,1,3.1,0.319,0.5,0.7,0.683,0.5,1.9,2.4,1.3,0.7,0.4,0.7,5.2,6
1630267,218,Facundo Campazzo,1610612743,DEN,65,18.2,1.6,4.6,0.361,0.9,3,0.301,0.9,1.2,0.769,0.4,1.4,1.8,3.4,1,0.4,1,5.1,7.4
1629723,219,John Konchar,1610612763,MEM,72,17.9,1.9,3.6,0.515,0.7,1.8,0.413,0.4,0.7,0.551,1.2,3.4,4.6,1.5,0.6,0.3,0.4,4.8,9.4
1630182,220,Josh Green,1610612742,DAL,67,15.5,1.9,3.8,0.508,0.4,1.2,0.359,0.5,0.7,0.689,0.8,1.6,2.4,1.2,0.7,0.2,0.7,4.8,6.5
1626153,221,Delon Wright,1610612737,ATL,77,18.9,1.6,3.5,0.454,0.6,1.5,0.379,0.7,0.8,0.857,0.6,2.2,2.9,2.4,1.2,0.2,0.6,4.4,8.6
1628972,222,Troy Brown Jr.,1610612741,CHI,66,16,1.6,3.9,0.419,0.7,2,0.353,0.3,0.4,0.769,0.6,2.5,3.1,1,0.5,0.1,0.4,4.3,6.2
1628975,223,Jevon Carter,1610612749,MIL,66,13.7,1.5,3.8,0.387,1,2.6,0.388,0.2,0.3,0.833,0.2,1.5,1.7,1.5,0.4,0.2,0.5,4.2,5
1628373,224,Frank Ntilikina,1610612742,DAL,58,11.8,1.5,3.8,0.399,0.7,1.9,0.342,0.4,0.4,0.96,0.2,1.2,1.4,1.2,0.5,0.1,0.5,4.1,4.4
1629308,225,Juan Toscano-Anderson,1610612744,GSW,73,13.6,1.6,3.2,0.489,0.4,1.2,0.322,0.5,1,0.571,0.4,2,2.4,1.7,0.7,0.2,0.9,4.1,6.1
1629162,226,Jordan McLaughlin,1610612750,MIN,62,14.5,1.4,3.2,0.44,0.4,1.4,0.318,0.5,0.6,0.75,0.4,1.2,1.5,2.9,0.9,0.2,0.6,3.8,6.7
1630235,227,Trent Forrest,1610612762,UTA,60,12.8,1.3,2.6,0.49,0.1,0.5,0.185,0.6,0.8,0.792,0.4,1.3,1.7,1.8,0.5,0.1,0.8,3.3,5
1630625,228,Dalano Banton,1610612761,TOR,64,10.9,1.3,3.2,0.411,0.2,0.8,0.255,0.4,0.7,0.591,0.6,1.3,1.9,1.5,0.4,0.2,0.8,3.2,4.3
201142,1,Kevin Durant,1610612760,OKC,78,38.9,9.1,19.7,0.462,1.9,5.3,0.35,7.6,8.7,0.88,0.7,6.1,6.8,2.7,1.1,1,2.8,27.7,24.9
2544,2,LeBron James,1610612748,MIA,79,38.8,9.6,18.8,0.51,1.2,3.5,0.33,6.4,8.4,0.759,1,6.5,7.5,7,1.6,0.6,3.6,26.7,28.6
2546,3,Carmelo Anthony,1610612752,NYK,77,35.7,8.9,19.5,0.455,1.2,3.3,0.378,6.6,7.9,0.838,1.5,5.8,7.3,2.9,0.9,0.6,2.7,25.6,22.7
2548,4,Dwyane Wade,1610612748,MIA,76,37.1,9.1,18.2,0.5,0.8,2.7,0.306,6.5,8.6,0.758,1.6,4.8,6.4,4.6,1.5,1.1,3.1,25.5,24.8
977,5,Kobe Bryant,1610612747,LAL,82,33.9,9,20,0.451,1.4,4.3,0.323,5.9,7.1,0.828,1,4.1,5.1,4.7,1.2,0.1,3,25.3,21.4
2405,6,Amar'e Stoudemire,1610612752,NYK,78,36.8,9.5,19,0.502,0.1,0.3,0.435,6.1,7.7,0.792,2.5,5.6,8.2,2.6,0.9,1.9,3.2,25.3,24.6
201565,7,Derrick Rose,1610612741,CHI,81,37.4,8.8,19.7,0.445,1.6,4.8,0.332,5.9,6.9,0.858,1,3.1,4.1,7.7,1,0.6,3.4,25,23.1
101145,8,Monta Ellis,1610612744,GSW,80,40.3,9.1,20.1,0.451,1.7,4.7,0.361,4.3,5.4,0.789,0.6,3,3.5,5.6,2.1,0.3,3.2,24.1,20.3
2755,9,Kevin Martin,1610612745,HOU,80,32.5,6.9,15.8,0.436,2.2,5.7,0.383,7.4,8.4,0.888,0.4,2.9,3.2,2.5,1,0.2,2.3,23.5,18.2
1717,10,Dirk Nowitzki,1610612742,DAL,73,34.3,8.4,16.2,0.517,0.9,2.3,0.393,5.4,6.1,0.892,0.7,6.3,7,2.6,0.5,0.6,1.9,23,23.5
2730,11,Dwight Howard,1610612753,ORL,78,37.6,7.9,13.4,0.593,0,0.1,0,7,11.7,0.596,4,10.1,14.1,1.4,1.4,2.4,3.6,22.9,28.3
201933,12,Blake Griffin,1610612746,LAC,82,38,8.5,16.8,0.506,0.1,0.3,0.292,5.4,8.5,0.642,3.3,8.8,12.1,3.8,0.8,0.5,2.7,22.5,25.6
201566,13,Russell Westbrook,1610612760,OKC,82,34.7,7.5,17,0.442,0.4,1.3,0.33,6.5,7.7,0.842,1.5,3.1,4.6,8.2,1.9,0.4,3.9,21.9,22.4
200746,14,LaMarcus Aldridge,1610612757,POR,81,39.6,8.7,17.5,0.5,0,0.3,0.174,4.3,5.5,0.791,3.4,5.3,8.8,2.1,1,1.2,1.9,21.8,23.1
200745,15,Andrea Bargnani,1610612761,TOR,66,35.7,8,17.8,0.448,1.2,3.4,0.345,4.3,5.3,0.82,1.1,4.1,5.2,1.8,0.5,0.7,2.3,21.4,16.6
101122,16,Danny Granger,1610612754,IND,79,35,6.8,15.9,0.425,2,5.2,0.386,5,5.9,0.848,1.1,4.3,5.4,2.6,1.1,0.8,2.6,20.5,17.7
201572,17,Brook Lopez,1610612751,NJN,82,35.2,7.9,16,0.492,0,0,0,4.7,6,0.787,2.4,3.5,6,1.6,0.6,1.5,2.1,20.4,18.4
201567,18,Kevin Love,1610612750,MIN,73,35.8,6.6,14.1,0.47,1.2,2.9,0.417,5.8,6.8,0.85,4.5,10.7,15.2,2.5,0.6,0.4,2.1,20.2,28.4
2216,19,Zach Randolph,1610612763,MEM,75,36.3,8,15.8,0.503,0.1,0.6,0.186,4,5.3,0.758,4.3,7.8,12.2,2.2,0.8,0.3,2,20.1,24.4
201563,20,Michael Beasley,1610612750,MIN,73,32.3,7.7,17.1,0.45,0.8,2.2,0.366,3,4,0.753,1.6,4,5.6,2.2,0.7,0.7,2.7,19.2,15.4
1718,21,Paul Pierce,1610612738,BOS,80,34.7,6.3,12.8,0.497,1.4,3.7,0.374,4.8,5.6,0.86,0.4,5,5.4,3.3,1,0.6,2.1,18.9,19.8
2561,22,David West,1610612740,NOH,70,35,7.5,14.9,0.508,0,0.1,0.222,3.8,4.7,0.807,2.2,5.3,7.6,2.3,1,0.9,2,18.9,20.4
2200,23,Pau Gasol,1610612747,LAL,82,37,7.2,13.7,0.529,0,0,0.333,4.3,5.2,0.823,3.3,6.9,10.2,3.3,0.6,1.6,1.7,18.8,25.4
2547,24,Chris Bosh,1610612748,MIA,77,36.3,6.8,13.7,0.496,0.1,0.3,0.24,5,6.1,0.815,1.8,6.5,8.3,1.9,0.8,0.6,1.8,18.7,20.4
2744,25,Al Jefferson,1610612762,UTA,82,35.9,8,16.1,0.496,0,0,0,2.7,3.5,0.761,2.9,6.8,9.7,1.8,0.6,1.9,1.3,18.6,22.3
201939,26,Stephen Curry,1610612744,GSW,74,33.6,6.8,14.2,0.48,2,4.6,0.442,2.9,3.1,0.934,0.7,3.2,3.9,5.8,1.5,0.3,3.1,18.6,19.3
2449,27,Luis Scola,1610612745,HOU,74,32.6,7.7,15.3,0.504,0,0,0,2.9,3.9,0.738,2,6.2,8.2,2.5,0.6,0.6,2,18.3,19.6
2207,28,Joe Johnson,1610612737,ATL,72,35.5,7.1,16.1,0.443,1.2,4.2,0.297,2.7,3.4,0.802,0.8,3.2,4,4.7,0.7,0.1,2,18.2,16
2225,29,Tony Parker,1610612759,SAS,78,32.4,7.1,13.7,0.519,0.3,0.9,0.357,3,3.9,0.769,0.4,2.7,3.1,6.6,1.2,0,2.6,17.5,18.3
2736,30,Luol Deng,1610612741,CHI,82,39.1,6.5,14.1,0.46,1.4,4.1,0.345,3.1,4.1,0.753,1.4,4.4,5.8,2.8,1,0.6,1.9,17.4,17.1
1938,31,Manu Ginobili,1610612759,SAS,80,30.3,5.5,12.7,0.433,1.9,5.5,0.349,4.5,5.1,0.871,0.5,3.2,3.7,4.9,1.5,0.4,2.2,17.4,17.9
200794,32,Paul Millsap,1610612762,UTA,76,34.3,6.9,13,0.531,0.1,0.3,0.391,3.4,4.4,0.757,2.2,5.5,7.6,2.5,1.4,0.9,1.9,17.3,20.6
201942,33,DeMar DeRozan,1610612761,TOR,82,34.8,6.6,14.1,0.467,0.1,0.6,0.096,4,4.9,0.813,0.9,2.9,3.8,1.8,1,0.4,1.8,17.2,14.1
1497,34,Chauncey Billups,1610612752,NYK,72,32.1,4.7,11,0.427,2,5,0.402,5.3,5.8,0.916,0.3,2.3,2.6,5.4,1,0.2,2.5,16.8,16.7
2746,35,Josh Smith,1610612737,ATL,77,34.4,6.5,13.5,0.477,0.7,2,0.331,3,4.1,0.725,1.7,6.8,8.5,3.3,1.3,1.6,2.6,16.5,20.5
951,36,Ray Allen,1610612738,BOS,80,36.1,6,12.2,0.491,2.1,4.7,0.444,2.4,2.7,0.881,0.6,2.8,3.4,2.7,1,0.2,1.5,16.5,15.8
101135,37,David Lee,1610612744,GSW,73,36.1,6.8,13.4,0.507,0,0,0.333,2.9,3.7,0.787,3,6.8,9.8,3.2,1,0.4,2.3,16.5,21.2
2748,38,Dorell Wright,1610612744,GSW,82,38.4,5.9,14,0.423,2.4,6.3,0.376,2.2,2.8,0.789,1.1,4.2,5.3,3,1.5,0.8,1.6,16.4,16.6
202083,39,Wesley Matthews,1610612757,POR,82,33.6,5.4,11.9,0.449,1.9,4.6,0.407,3.2,3.8,0.844,0.6,2.6,3.1,2,1.2,0.1,1.7,15.9,13.5
101108,40,Chris Paul,1610612740,NOH,80,36,5.4,11.6,0.463,0.9,2.3,0.388,4.2,4.8,0.878,0.5,3.6,4.1,9.8,2.4,0.1,2.2,15.9,23.1
1891,41,Jason Terry,1610612742,DAL,82,31.3,6,13.3,0.451,1.5,4.3,0.362,2.2,2.6,0.85,0.3,1.6,1.9,4.1,1.1,0.2,2,15.8,13.3
2222,42,Gerald Wallace,1610612757,POR,71,37.9,5.4,12,0.454,0.9,2.6,0.333,3.9,5.3,0.746,1.6,6.5,8,2.4,1.5,0.9,2.1,15.7,18.5
2202,43,Jason Richardson,1610612753,ORL,80,33.9,5.9,13.2,0.447,2.4,6,0.395,1.5,2,0.73,0.8,3.3,4.1,1.8,1.2,0.2,1.2,15.6,13.9
101109,44,Raymond Felton,1610612743,DEN,75,36.5,5.7,13.4,0.425,1.5,4.4,0.353,2.6,3.2,0.805,0.6,2.9,3.6,8.3,1.7,0.1,2.9,15.5,18
201155,45,Rodney Stuckey,1610612765,DET,70,31.2,5.2,11.8,0.439,0.4,1.3,0.289,4.7,5.4,0.866,1,2.1,3.1,5.2,1.1,0.1,2.2,15.5,15.4
201143,46,Al Horford,1610612737,ATL,77,35.1,6.7,12,0.557,0,0.1,0.5,1.9,2.4,0.798,2.4,7,9.3,3.5,0.8,1,1.5,15.3,22.5
201163,47,Wilson Chandler,1610612743,DEN,72,33.3,6,13.2,0.45,1.6,4.4,0.35,1.8,2.2,0.807,1,4.6,5.7,1.7,0.7,1.3,1.4,15.3,15.4
2734,48,Devin Harris,1610612762,UTA,71,31.7,4.8,11.5,0.422,0.8,2.5,0.322,4.7,5.7,0.833,0.2,2.1,2.4,7.1,1,0.1,2.9,15.2,15.3
1882,49,Elton Brand,1610612755,PHI,81,34.7,6.2,12.1,0.512,0,0,0,2.6,3.4,0.78,2.9,5.4,8.3,1.5,1.1,1.3,1.2,15,19.4
708,50,Kevin Garnett,1610612738,BOS,71,31.3,6.1,11.6,0.528,0,0.1,0.2,2.6,3.1,0.862,1.2,7.7,8.9,2.4,1.3,0.8,1.6,14.9,20.8
959,51,Steve Nash,1610612756,PHX,75,33.3,5.3,10.8,0.492,1.1,2.7,0.395,3,3.3,0.912,0.5,2.9,3.5,11.4,0.6,0.1,3.5,14.7,21
2403,52,Nene,1610612743,DEN,75,30.5,5.4,8.7,0.615,0,0.1,0.2,3.8,5.4,0.711,1.9,5.7,7.6,2,1.1,1,1.8,14.5,19.5
1885,53,Lamar Odom,1610612747,LAL,82,32.2,5.8,10.9,0.53,0.8,2.2,0.382,2,3,0.675,2.1,6.5,8.7,3,0.6,0.7,1.7,14.4,19.6
201571,54,D.J. Augustin,1610612766,CHA,82,33.6,4.9,11.7,0.416,1.4,4.1,0.333,3.3,3.6,0.906,0.5,2.3,2.7,6.1,0.7,0,1.9,14.4,14.8
2037,55,Jamal Crawford,1610612737,ATL,76,30.2,4.8,11.5,0.421,1.6,4.6,0.341,2.9,3.4,0.854,0.3,1.4,1.7,3.2,0.8,0.2,1.9,14.2,10.9
202326,56,DeMarcus Cousins,1610612758,SAC,81,28.5,5.3,12.4,0.43,0,0.2,0.167,3.4,5,0.687,2.7,6,8.6,2.5,1,0.8,3.3,14.1,15.2
2419,57,Tayshaun Prince,1610612765,DET,78,32.8,6.1,12.8,0.473,0.4,1.3,0.347,1.5,2.2,0.702,1,3.2,4.2,2.8,0.4,0.5,1.1,14.1,13.5
2422,58,John Salmons,1610612749,MIL,73,35,5.1,12.3,0.415,1.1,3,0.379,2.7,3.3,0.813,0.4,3.3,3.6,3.5,1,0.4,1.9,14,12.8
1713,59,Vince Carter,1610612756,PHX,73,28.1,5.3,12.2,0.437,1.6,4.4,0.361,1.8,2.4,0.74,0.7,3,3.8,2,0.9,0.3,1.2,14,12.2
201950,60,Jrue Holiday,1610612755,PHI,82,35.4,5.4,12.2,0.446,1,2.7,0.365,2.1,2.5,0.823,0.8,3.2,4,6.5,1.5,0.4,2.7,14,16.5
201581,61,JJ Hickson,1610612739,CLE,80,28.2,5.4,11.7,0.458,0,0.1,0,3.1,4.6,0.673,2.7,6,8.7,1.1,0.6,0.7,2.2,13.8,14.9
2757,62,Beno Udrih,1610612758,SAC,79,34.6,5.2,10.4,0.5,0.8,2.3,0.357,2.5,2.9,0.864,0.5,2.8,3.4,4.9,1.2,0.1,1.8,13.7,15.9
101150,63,Lou Williams,1610612755,PHI,75,23.3,4.3,10.6,0.406,1.2,3.4,0.348,3.9,4.7,0.823,0.4,1.6,2,3.4,0.6,0.2,1.4,13.7,11.4
201144,64,Mike Conley,1610612763,MEM,81,35.5,5.2,11.8,0.444,1,2.7,0.369,2.2,3,0.733,0.4,2.7,3,6.5,1.8,0.2,2.2,13.7,15.7
200768,65,Kyle Lowry,1610612745,HOU,75,34.2,4.6,10.8,0.426,1.7,4.6,0.376,2.6,3.3,0.765,1.2,2.9,4.1,6.7,1.4,0.3,2.1,13.5,16.9
1495,66,Tim Duncan,1610612759,SAS,76,28.4,5.5,11,0.5,0,0.1,0,2.4,3.4,0.716,2.2,6.7,8.9,2.7,0.7,1.9,1.6,13.4,19.5
201145,67,Jeff Green,1610612738,BOS,75,32.4,4.9,10.9,0.449,0.9,2.8,0.303,2.6,3.3,0.811,1,3.8,4.8,1.4,0.7,0.5,1.3,13.3,12.8
201196,68,Ramon Sessions,1610612739,CLE,81,26.3,4.5,9.6,0.466,0,0.2,0.2,4.3,5.2,0.823,0.6,2.6,3.1,5.2,0.7,0.1,2.2,13.3,14.2
255,69,Grant Hill,1610612756,PHX,80,30.1,5,10.3,0.484,0.6,1.4,0.395,2.7,3.2,0.829,1,3.3,4.2,2.5,0.8,0.4,1.7,13.2,13.6
201954,70,Darren Collison,1610612754,IND,79,29.9,5,11,0.457,0.5,1.6,0.331,2.6,2.9,0.871,0.5,2.3,2.8,5.1,1.1,0.2,2.5,13.2,13.6
2749,71,Jameer Nelson,1610612753,ORL,76,30.5,4.9,11,0.446,1.6,3.9,0.401,1.7,2.1,0.802,0.5,2.5,3,6,1,0,2.6,13.1,14
101139,72,CJ Miles,1610612762,UTA,78,25.2,4.7,11.5,0.407,1.4,4.3,0.322,2,2.5,0.811,0.7,2.6,3.3,1.7,0.9,0.5,1.2,12.8,10.8
201977,73,Marcus Thornton,1610612758,SAC,73,24.3,4.8,11.1,0.434,1.2,3.3,0.367,2,2.5,0.788,0.8,2.7,3.5,1.8,0.9,0.1,1.3,12.8,11.1
201152,74,Thaddeus Young,1610612755,PHI,82,26,5.6,10.3,0.541,0.1,0.3,0.273,1.5,2.1,0.707,1.9,3.4,5.3,1,1.1,0.3,1.2,12.7,13.9
1889,75,Andre Miller,1610612757,POR,81,32.7,4.8,10.4,0.46,0,0.5,0.108,3.1,3.6,0.853,1.2,2.5,3.7,7,1.4,0.1,2.4,12.7,16.4
101112,76,Channing Frye,1610612756,PHX,77,33,4.6,10.8,0.432,2.2,5.7,0.39,1.2,1.4,0.832,0.8,5.8,6.7,1.2,0.6,1,0.9,12.7,14.9
201579,77,Roy Hibbert,1610612754,IND,81,27.7,5.1,11,0.461,0,0,0,2.5,3.4,0.745,2.2,5.3,7.5,2,0.4,1.8,2.3,12.7,15.3
1890,78,Shawn Marion,1610612742,DAL,80,28.2,5.4,10.4,0.52,0.1,0.4,0.152,1.6,2.1,0.768,2.1,4.8,6.9,1.4,0.9,0.6,1.6,12.5,15.1
201587,79,Nicolas Batum,1610612757,POR,80,31.5,4.6,10.1,0.455,1.5,4.3,0.345,1.7,2.1,0.841,1.4,3.2,4.5,1.5,0.9,0.6,1,12.4,13
2747,80,JR Smith,1610612743,DEN,79,24.9,4.3,9.9,0.435,1.6,4,0.39,2.1,2.8,0.738,0.6,3.5,4.1,2.2,1.2,0.2,1.3,12.3,12.3
201935,81,James Harden,1610612760,OKC,82,26.7,3.6,8.3,0.436,1.4,4,0.349,3.5,4.2,0.843,0.5,2.6,3.1,2.1,1.1,0.3,1.3,12.2,12.2
201171,82,Carl Landry,1610612740,NOH,76,26.4,4.5,9,0.502,0,0.1,0,2.8,3.8,0.74,2.2,2.4,4.6,0.8,0.5,0.4,1.4,11.9,11.3
2557,83,Luke Ridnour,1610612750,MIN,71,30.4,4.5,9.6,0.468,1.1,2.6,0.44,1.7,1.9,0.883,0.5,2.3,2.8,5.4,1.3,0.1,2.2,11.8,13.9
201188,84,Marc Gasol,1610612763,MEM,81,31.9,4.5,8.5,0.527,0,0.1,0.429,2.7,3.6,0.748,1.9,5.1,7,2.5,0.9,1.7,1.8,11.7,17.1
201175,85,Glen Davis,1610612738,BOS,78,29.5,4.6,10.3,0.448,0,0.2,0.133,2.5,3.4,0.736,1.3,4.2,5.4,1.2,1,0.4,1.1,11.7,12.1
201951,86,Ty Lawson,1610612743,DEN,80,26.3,4.3,8.6,0.503,0.9,2.1,0.404,2.2,2.8,0.764,0.8,1.8,2.6,4.7,1,0.1,1.7,11.7,13.4
201588,87,George Hill,1610612759,SAS,76,28.3,3.8,8.3,0.453,1,2.7,0.377,3.1,3.6,0.863,0.3,2.3,2.6,2.5,0.9,0.3,1.3,11.6,11.6
201564,88,O.J. Mayo,1610612763,MEM,71,26.3,4.3,10.5,0.407,1.4,3.7,0.364,1.4,1.8,0.756,0.5,1.9,2.4,2,1,0.4,1.4,11.3,9.1
2564,89,Boris Diaw,1610612766,CHA,82,33.9,4.6,9.4,0.492,1,2.8,0.345,1,1.5,0.683,1.3,3.8,5,4.1,0.9,0.6,2,11.3,14.6
101138,90,Brandon Bass,1610612753,ORL,76,26.1,4.4,8.5,0.515,0,0,0,2.5,3.1,0.815,1.8,3.8,5.6,0.8,0.4,0.7,1.3,11.2,12.6
2732,91,Ben Gordon,1610612765,DET,82,26,4.1,9.4,0.44,1.3,3.2,0.402,1.7,2,0.85,0.5,1.9,2.4,2.1,0.6,0.2,1.7,11.2,9.2
101111,92,Charlie Villanueva,1610612765,DET,76,21.9,4.1,9.3,0.442,1.6,4.3,0.387,1.2,1.5,0.767,0.7,3.2,3.9,0.6,0.6,0.6,0.9,11.1,10.3
2772,93,Trevor Ariza,1610612740,NOH,75,34.7,4,10.2,0.398,1.1,3.6,0.303,1.8,2.6,0.701,0.8,4.6,5.4,2.2,1.6,0.4,1.6,11,12.1
2210,94,Richard Jefferson,1610612759,SAS,81,30.4,3.8,7.9,0.474,1.7,3.8,0.44,1.8,2.4,0.759,0.7,3.2,3.8,1.3,0.5,0.4,1.1,11,11.1
201946,95,Tyler Hansbrough,1610612754,IND,70,21.9,4.1,8.8,0.465,0,0,0,2.8,3.6,0.779,2.1,3.2,5.2,0.6,0.5,0.2,1.1,11,10.9
2045,96,Hedo Turkoglu,1610612753,ORL,81,31.4,4,8.9,0.446,1.6,3.8,0.41,1.3,1.9,0.679,0.6,3.8,4.4,4.2,0.9,0.4,1.6,10.8,13.6
2240,97,Gilbert Arenas,1610612753,ORL,70,25.7,3.8,10.5,0.366,1.4,4.7,0.297,1.7,2.2,0.784,0.3,2.4,2.7,3.9,1.1,0.3,2.5,10.8,9.1
201162,98,Jared Dudley,1610612756,PHX,82,26.1,3.7,7.7,0.477,1.3,3.1,0.415,2,2.7,0.743,1.4,2.5,3.9,1.3,1.1,0.2,0.9,10.6,11.4
201962,99,Toney Douglas,1610612752,NYK,81,24.3,3.9,9.3,0.416,1.8,4.7,0.373,1,1.3,0.794,0.8,2.2,3,3,1.1,0,1.1,10.6,10.9
1733,100,Al Harrington,1610612743,DEN,73,22.8,3.8,9.2,0.416,1.6,4.5,0.357,1.2,1.6,0.735,1,3.5,4.5,1.4,0.5,0.1,1.5,10.5,9.8
201975,101,Jodie Meeks,1610612755,PHI,74,27.9,3.3,7.7,0.425,1.9,4.7,0.397,2.1,2.3,0.894,0.3,2,2.3,1.1,0.9,0.1,0.8,10.5,9.2
201158,102,Marco Belinelli,1610612740,NOH,80,24.5,3.8,8.6,0.437,1.7,4.1,0.414,1.2,1.6,0.784,0.2,1.7,1.9,1.2,0.5,0.1,1,10.5,7.9
2731,103,Emeka Okafor,1610612740,NOH,72,31.8,4.2,7.3,0.573,0,0,0,2,3.6,0.562,3.2,6.3,9.5,0.6,0.6,1.8,1.7,10.3,16.4
2550,104,Kirk Hinrich,1610612737,ATL,72,30,3.9,8.7,0.446,1,2.6,0.399,1.5,1.8,0.841,0.3,2.2,2.5,4,1,0.2,1.7,10.2,11.3
101162,105,Marcin Gortat,1610612756,PHX,80,25.4,4.2,7.5,0.561,0,0.1,0.25,1.8,2.4,0.725,1.9,6,7.9,0.9,0.5,1.1,1,10.2,15.6
2199,106,Tyson Chandler,1610612742,DAL,74,27.8,3.6,5.5,0.654,0,0,0,2.9,4,0.732,2.8,6.6,9.4,0.4,0.5,1.1,1.2,10.1,17.3
201580,107,JaVale McGee,1610612764,WAS,79,27.8,4.2,7.6,0.55,0,0,0,1.7,2.9,0.583,2.8,5.2,8,0.5,0.5,2.4,1.3,10.1,15.6
2743,108,Kris Humphries,1610612751,NJN,74,27.9,4.1,7.9,0.527,0,0,0,1.7,2.6,0.665,3,7.4,10.4,1.1,0.4,1.1,1.4,10,17.1
201586,109,Serge Ibaka,1610612760,OKC,82,27,4.1,7.5,0.543,0,0,0,1.7,2.2,0.75,2.6,5,7.6,0.3,0.4,2.4,0.9,9.9,15.6
201978,110,Chase Budinger,1610612745,HOU,78,22.3,3.6,8.4,0.425,1.1,3.5,0.325,1.5,1.8,0.855,0.7,2.9,3.6,1.6,0.5,0.2,0.9,9.8,9.8
202390,111,Gary Neal,1610612759,SAS,80,21.1,3.6,7.9,0.451,1.6,3.9,0.419,1.1,1.3,0.808,0.3,2.2,2.5,1.2,0.3,0.1,1,9.8,8.3
202361,112,Landry Fields,1610612752,NYK,82,31,3.6,7.3,0.497,1,2.7,0.393,1.4,1.8,0.769,1.3,5.1,6.4,1.9,1,0.2,1.3,9.7,13.7
200770,113,Jordan Farmar,1610612751,NJN,73,24.6,3.5,8.9,0.392,1.5,4.2,0.359,1.1,1.4,0.82,0.3,2,2.4,5,0.8,0.1,1.9,9.6,10.4
101161,114,Amir Johnson,1610612761,TOR,72,25.7,3.9,6.9,0.568,0,0,0,1.8,2.2,0.788,2.6,3.8,6.4,1.1,0.7,1.2,1,9.6,14.6
200826,115,J.J. Barea,1610612742,DAL,81,20.6,3.5,8,0.439,0.8,2.3,0.349,1.6,1.9,0.847,0.4,1.6,2,3.9,0.4,0,1.7,9.5,9.3
202328,116,Greg Monroe,1610612765,DET,80,27.8,3.8,6.9,0.551,0,0,0,1.8,2.9,0.622,3.1,4.4,7.5,1.3,1.2,0.6,1,9.4,14.7
202130,117,Reggie Williams,1610612744,GSW,80,20.3,3.4,7.2,0.469,1.3,3,0.423,1.3,1.7,0.746,0.6,2.1,2.7,1.5,0.4,0,0.7,9.2,8.9
2566,118,Travis Outlaw,1610612751,NJN,82,28.8,3.3,8.9,0.375,0.9,3.1,0.302,1.6,2.1,0.772,0.7,3.3,4,1,0.4,0.4,0.9,9.2,8.1
201573,119,Jerryd Bayless,1610612761,TOR,71,21.1,3.1,7.3,0.422,0.7,2.1,0.336,2.3,2.9,0.806,0.4,2,2.3,3.7,0.5,0.1,1.8,9.2,9.3
201589,120,Darrell Arthur,1610612763,MEM,80,20.1,3.9,7.8,0.497,0,0.1,0,1.4,1.7,0.813,1.4,2.8,4.3,0.7,0.7,0.8,1.1,9.1,10.2
202325,121,Wesley Johnson,1610612750,MIN,79,26.2,3.4,8.6,0.397,1.3,3.7,0.356,0.8,1.2,0.696,0.6,2.4,3,1.9,0.7,0.7,1.2,9,8.5
2754,122,Tony Allen,1610612763,MEM,72,20.8,3.5,6.8,0.51,0.1,0.3,0.174,1.9,2.5,0.753,1,1.7,2.7,1.4,1.8,0.6,1.2,8.9,10.3
101127,123,Jarrett Jack,1610612740,NOH,83,20.7,3.1,7.7,0.408,0.4,1.3,0.306,2.2,2.6,0.85,0.2,1.8,2.1,2.9,0.7,0.1,1.3,8.9,8.3
201574,124,Jason Thompson,1610612758,SAC,75,23.3,3.6,7.1,0.507,0,0,0,1.6,2.7,0.605,1.9,4.1,6.1,1.2,0.4,0.6,1.3,8.8,11.1
2584,125,Willie Green,1610612740,NOH,77,21.7,3.5,7.9,0.443,0.7,2,0.348,1,1.3,0.78,0.3,1.8,2.1,1,0.5,0.2,0.9,8.7,6.9
200769,126,Shannon Brown,1610612747,LAL,82,19.1,3.3,7.8,0.425,0.9,2.6,0.349,1.1,1.2,0.911,0.4,1.5,1.9,1.2,0.8,0.2,0.9,8.7,7.2
1710,127,Mike Bibby,1610612748,MIA,80,28.6,3.1,7.2,0.431,1.9,4.4,0.44,0.5,0.8,0.629,0.2,2.2,2.4,3.3,0.6,0.1,1.3,8.6,9.4
201956,128,Omri Casspi,1610612758,SAC,71,24,3.2,7.7,0.412,1.3,3.5,0.372,1,1.4,0.673,1,3.3,4.3,1,0.8,0.2,1,8.6,9
201164,129,Rudy Fernandez,1610612757,POR,78,23.3,2.7,7.4,0.37,1.5,4.6,0.321,1.6,1.9,0.863,0.5,1.7,2.2,2.5,1.1,0.2,1.1,8.6,8.5
1897,130,Metta World Peace,1610612747,LAL,82,29.4,3.2,8,0.397,1,2.8,0.356,1.1,1.7,0.676,1.2,2,3.3,2.1,1.5,0.4,1.1,8.5,9.4
101124,131,Hakim Warrick,1610612756,PHX,80,17.7,2.9,5.6,0.511,0,0.1,0.091,2.7,3.7,0.721,1.1,2.6,3.7,0.9,0.4,0.1,1,8.4,8.7
1515,132,Anthony Parker,1610612739,CLE,72,29,3.1,7.7,0.399,1.2,3.2,0.379,1,1.3,0.779,0.5,2.6,3,3,0.9,0.1,1.1,8.3,9.4
201971,133,DeJuan Blair,1610612759,SAS,81,21.4,3.6,7.2,0.501,0,0,0,1.1,1.7,0.657,2.7,4.3,7,1,1.2,0.5,1.4,8.3,12.4
2594,134,Kyle Korver,1610612741,CHI,82,20.1,3,6.8,0.434,1.5,3.5,0.415,0.9,1.1,0.885,0.1,1.7,1.8,1.5,0.4,0.2,0.7,8.3,7.6
201584,135,Courtney Lee,1610612745,HOU,81,21.3,3.1,7.1,0.439,0.9,2.1,0.408,1.2,1.5,0.792,0.6,2,2.6,1.2,0.7,0.2,0.8,8.3,7.9
2420,136,Nenad Krstic,1610612738,BOS,71,22.1,3.3,6.4,0.511,0,0,0,1.6,2.1,0.774,1.7,3,4.7,0.4,0.4,0.4,0.8,8.1,9.5
2223,137,Samuel Dalembert,1610612758,SAC,80,24.2,3.4,7.1,0.473,0,0,0,1.4,1.9,0.73,2.7,5.6,8.2,0.8,0.5,1.5,1.7,8.1,13.1
1503,138,Tracy McGrady,1610612765,DET,72,23.4,3.2,7.1,0.442,0.4,1.2,0.341,1.3,1.8,0.698,0.7,2.8,3.5,3.5,0.9,0.5,1.4,8,10.4
467,139,Jason Kidd,1610612742,DAL,80,33.2,2.7,7.5,0.361,1.7,4.9,0.34,0.8,1,0.87,0.4,4,4.4,8.2,1.7,0.4,2.2,7.9,15.4
101236,140,Chuck Hayes,1610612745,HOU,74,28.1,3.3,6.3,0.527,0,0,0,1.3,1.9,0.662,3,5.1,8.1,2.7,1.1,0.7,1.2,7.9,15.6
2203,141,Shane Battier,1610612763,MEM,82,29,2.8,6.2,0.45,1.2,3.3,0.382,0.8,1.1,0.688,1.1,3.5,4.5,2.3,0.8,1,1,7.6,11.5
201609,142,Goran Dragic,1610612745,HOU,70,17.6,2.7,6.3,0.435,0.8,2.2,0.361,1.2,1.9,0.624,0.5,1.5,2,2.9,0.7,0.1,1.7,7.5,7.3
201948,143,Austin Daye,1610612765,DET,72,20.1,2.7,6.5,0.41,1,2.4,0.401,1.1,1.5,0.759,0.9,2.9,3.8,1.1,0.5,0.5,0.8,7.5,8.4
201177,144,Josh McRoberts,1610612754,IND,72,22.2,2.9,5.4,0.547,0.3,0.8,0.383,1.2,1.7,0.739,1.5,3.8,5.3,2.1,0.7,0.8,1.3,7.4,12.1
201154,145,Al Thornton,1610612744,GSW,71,19.5,2.9,6.1,0.476,0.1,0.4,0.154,1.5,2,0.775,0.8,2.2,3,0.9,0.5,0.2,0.9,7.4,7.4
201970,146,Sam Young,1610612763,MEM,78,20.2,3,6.3,0.472,0.2,0.6,0.34,1.1,1.5,0.767,0.5,1.9,2.4,0.9,0.9,0.3,0.8,7.3,7.3
202323,147,Evan Turner,1610612755,PHI,78,23,2.9,6.8,0.425,0.2,0.6,0.318,1.3,1.6,0.808,0.5,3.4,3.9,2,0.6,0.2,1,7.2,8.8
201150,148,Spencer Hawes,1610612755,PHI,81,21.2,3.3,7,0.465,0.1,0.5,0.243,0.6,1.1,0.534,1.6,4.1,5.7,1.5,0.4,0.9,1.2,7.2,10.2
101155,149,Ryan Gomes,1610612746,LAC,76,27.6,2.7,6.6,0.41,0.9,2.8,0.341,0.8,1.1,0.718,0.8,2.5,3.3,1.6,0.8,0.2,0.7,7.2,8.1
2039,150,Keyon Dooling,1610612749,MIL,80,22,2.6,6.5,0.397,1,2.9,0.346,1,1.2,0.83,0.2,1.3,1.5,3,0.7,0.1,1.1,7.1,7.1
1737,151,Nazr Mohammed,1610612760,OKC,75,17.1,3.1,6,0.522,0,0,0,0.9,1.5,0.598,1.9,3,4.9,0.3,0.4,0.7,0.9,7.1,9.1
201959,152,Taj Gibson,1610612741,CHI,80,21.8,2.9,6.3,0.466,0,0.1,0.125,1.3,1.9,0.676,2,3.7,5.7,0.7,0.5,1.3,0.9,7.1,10.5
201599,153,DeAndre Jordan,1610612746,LAC,80,25.6,2.9,4.3,0.686,0,0,0,1.2,2.7,0.452,2.6,4.6,7.2,0.5,0.5,1.8,1.3,7.1,13
202324,154,Derrick Favors,1610612762,UTA,78,19.7,2.8,5.3,0.517,0,0,0,1.3,2.2,0.595,2.2,3.1,5.3,0.5,0.4,0.9,1,6.8,9.4
965,155,Derek Fisher,1610612747,LAL,82,28,2.5,6.5,0.389,0.8,1.9,0.396,1,1.3,0.806,0.2,1.7,1.9,2.7,1.2,0.1,0.9,6.8,7.7
202339,156,Eric Bledsoe,1610612746,LAC,81,22.7,2.5,6,0.424,0.4,1.4,0.276,1.2,1.6,0.744,0.8,1.9,2.8,3.6,1.1,0.3,2.4,6.7,8.2
201601,157,Luc Mbah a Moute,1610612749,MIL,79,26.5,2.5,5.4,0.463,0,0.1,0,1.7,2.4,0.707,2.1,3.2,5.3,0.9,0.9,0.4,1,6.7,9.6
2733,158,Shaun Livingston,1610612766,CHA,73,17.3,2.5,5.4,0.466,0,0.1,0.25,1.5,1.7,0.864,0.4,1.6,2,2.2,0.6,0.4,1.2,6.6,7.5
201596,159,Mario Chalmers,1610612748,MIA,70,22.6,2.2,5.5,0.399,1.2,3.3,0.359,0.8,0.9,0.871,0.2,1.9,2.1,2.5,1.1,0.1,1.3,6.4,7.4
2230,160,Maurice Evans,1610612764,WAS,73,21.2,2.4,5.8,0.417,0.8,2.3,0.329,0.7,0.8,0.897,0.7,1.4,2.1,0.6,0.5,0.2,0.5,6.3,5.8
200758,161,Ronnie Brewer,1610612741,CHI,81,22,2.5,5.3,0.48,0.1,0.3,0.222,1.1,1.6,0.654,0.7,2.6,3.2,1.7,1.3,0.3,0.7,6.2,8.8
201967,162,Dante Cunningham,1610612766,CHA,78,21,2.8,6.1,0.462,0,0.2,0.077,0.6,0.8,0.726,1.2,2.3,3.6,0.6,0.7,0.6,0.7,6.2,7.4
2592,163,James Jones,1610612748,MIA,81,19.1,1.8,4.3,0.422,1.5,3.5,0.429,0.7,0.9,0.833,0.3,1.7,2,0.5,0.4,0.2,0.3,5.9,6.1
202329,164,Al-Farouq Aminu,1610612746,LAC,81,17.9,2,5,0.394,0.6,1.8,0.315,1.1,1.5,0.773,0.9,2.4,3.3,0.7,0.7,0.3,1.3,5.6,6.1
201941,165,Jordan Hill,1610612745,HOU,72,15.6,2.4,4.9,0.491,0,0,0,0.8,1.2,0.706,1.8,2.5,4.3,0.4,0.2,0.7,0.9,5.6,7.5
202330,166,Gordon Hayward,1610612762,UTA,72,16.9,2,4.1,0.485,0.5,1,0.473,1,1.3,0.711,0.6,1.4,1.9,1.1,0.4,0.3,1,5.4,5.7
686,167,Antonio McDyess,1610612759,SAS,73,19,2.3,4.7,0.491,0,0,0,0.7,1.1,0.675,1.7,3.7,5.4,1.2,0.5,0.5,1,5.3,9.2
200797,168,Ryan Hollins,1610612739,CLE,70,16.9,1.9,3.1,0.598,0,0,0,1.6,2.3,0.681,1,1.7,2.7,0.4,0.3,0.6,1,5.3,6.3
2052,169,DeShawn Stevenson,1610612742,DAL,72,16.1,1.8,4.6,0.388,1.3,3.5,0.378,0.5,0.6,0.767,0.3,1.2,1.5,1.1,0.3,0.1,0.6,5.3,4.7
201952,170,Jeff Teague,1610612737,ATL,70,13.8,1.9,4.3,0.438,0.3,0.7,0.375,1.1,1.4,0.794,0.2,1.3,1.5,2,0.6,0.4,0.9,5.2,5.9
200757,171,Thabo Sefolosha,1610612760,OKC,79,25.9,2,4.2,0.471,0.4,1.3,0.275,0.7,1,0.747,0.8,3.6,4.4,1.4,1.2,0.5,0.7,5.1,9.4
2209,172,Vladimir Radmanovic,1610612744,GSW,74,15.8,1.9,4.3,0.431,0.9,2.3,0.405,0.4,0.5,0.882,0.9,2,2.9,1.1,0.6,0.6,0.8,5.1,6.9
980,173,Zydrunas Ilgauskas,1610612748,MIA,72,15.9,2.3,4.4,0.508,0,0,0,0.5,0.6,0.783,1.5,2.5,4,0.4,0.3,0.8,0.7,5,7.4
201228,174,C.J. Watson,1610612741,CHI,82,13.3,1.8,4.8,0.371,0.5,1.4,0.393,0.8,1.1,0.742,0.2,1,1.1,2.3,0.7,0.1,0.9,4.9,5
2555,175,Nick Collison,1610612760,OKC,71,21.5,1.9,3.4,0.566,0,0,0,0.8,1,0.753,1.7,2.8,4.5,1,0.6,0.4,0.8,4.6,8.6
2217,176,Brendan Haywood,1610612742,DAL,72,18.5,1.8,3.1,0.574,0,0,0,0.9,2.5,0.362,1.8,3.4,5.2,0.3,0.2,1,0.7,4.4,7.6
2585,177,Zaza Pachulia,1610612737,ATL,79,15.7,1.4,2.9,0.461,0,0,0,1.7,2.3,0.754,1.5,2.7,4.2,0.7,0.4,0.3,0.9,4.4,7.1
2586,178,Keith Bogans,1610612741,CHI,82,17.8,1.5,3.7,0.404,1.1,2.9,0.38,0.3,0.4,0.656,0.2,1.6,1.8,1.2,0.5,0.1,0.5,4.4,5.1
201160,179,Jason Smith,1610612740,NOH,77,14.3,1.8,4,0.443,0,0,0,0.8,0.9,0.843,1.2,2,3.1,0.5,0.3,0.4,0.7,4.3,5.6
2248,180,Earl Watson,1610612762,UTA,80,19.6,1.6,3.8,0.41,0.5,1.3,0.336,0.7,1,0.671,0.7,1.6,2.3,3.5,0.8,0.2,1.5,4.3,7
201953,181,Eric Maynor,1610612760,OKC,82,14.6,1.6,4.1,0.402,0.5,1.2,0.385,0.5,0.7,0.729,0.3,1.2,1.5,2.9,0.4,0.1,0.9,4.2,5.6
2581,182,Steve Blake,1610612747,LAL,79,20,1.4,3.9,0.359,0.9,2.4,0.378,0.3,0.4,0.867,0.2,1.7,2,2.2,0.5,0,0.9,4,5.3
202349,183,Greivis Vasquez,1610612763,MEM,70,12.3,1.4,3.3,0.408,0.4,1.2,0.291,0.5,0.6,0.773,0.2,0.9,1,2.2,0.3,0.1,1,3.6,4
101130,184,Johan Petro,1610612751,NJN,77,11.6,1.7,3.8,0.445,0,0.1,0,0.2,0.4,0.536,0.8,1.9,2.8,0.6,0.4,0.4,0.6,3.5,4.9
201600,185,Omer Asik,1610612741,CHI,82,12.1,1,1.7,0.553,0,0,0,0.9,1.8,0.503,1.4,2.4,3.7,0.4,0.2,0.7,0.8,2.8,5.4
201202,186,Joel Anthony,1610612748,MIA,75,19.5,0.7,1.3,0.535,0,0,0,0.6,1,0.644,1.4,2.2,3.5,0.3,0.1,1.2,0.5,2,5.8
947,1,Allen Iverson,1610612755,PHI,71,42,10.7,25.5,0.42,1.4,4.3,0.32,8.2,10.1,0.814,0.7,3.1,3.8,4.6,2.5,0.3,3.3,31.1,22.3
711,2,Jerry Stackhouse,1610612765,DET,80,40.2,9.7,24.1,0.402,2.1,5.9,0.351,8.3,10.1,0.822,1.2,2.7,3.9,5.1,1.2,0.7,4.1,29.8,20.4
406,3,Shaquille O'Neal,1610612747,LAL,74,39.5,11,19.2,0.572,0,0,0,6.7,13.1,0.513,3.9,8.8,12.7,3.7,0.6,2.8,2.9,28.7,31
977,4,Kobe Bryant,1610612747,LAL,68,40.9,10.3,22.2,0.464,0.9,2.9,0.305,7,8.2,0.853,1.5,4.3,5.9,5,1.7,0.6,3.2,28.5,25.3
1713,5,Vince Carter,1610612761,TOR,75,39.7,10.2,22.1,0.46,2.2,5.3,0.408,5.1,6.7,0.765,2.3,3.2,5.5,3.9,1.5,1.1,2.2,27.6,23.9
185,6,Chris Webber,1610612758,SAC,70,40.5,11.2,23.4,0.481,0,0.4,0.071,4.6,6.6,0.703,2.6,8.5,11.1,4.2,1.3,1.7,2.8,27.1,28.6
1503,7,Tracy McGrady,1610612753,ORL,77,40.1,10.2,22.4,0.457,0.8,2.2,0.355,5.6,7.6,0.733,2.5,5,7.5,4.6,1.5,1.5,2.6,26.8,25.2
1718,8,Paul Pierce,1610612738,BOS,82,38,8.4,18.5,0.454,1.8,4.7,0.383,6.7,9,0.745,1.1,5.2,6.4,3.1,1.7,0.8,3.2,25.3,21.7
1712,9,Antawn Jamison,1610612744,GSW,82,41.4,9.8,22.1,0.442,0.8,2.5,0.302,4.7,6.5,0.715,3.4,5.3,8.7,2,1.4,0.3,2.4,24.9,20.8
950,10,Stephon Marbury,1610612751,NJN,67,38.2,8.4,19.1,0.441,1.6,5,0.328,5.4,6.8,0.79,0.8,2.3,3.1,7.6,1.2,0.1,2.9,23.9,20.7
952,11,Antoine Walker,1610612738,BOS,81,41.9,8.8,21.2,0.413,2.7,7.4,0.367,3.1,4.3,0.716,1.9,7,8.9,5.5,1.7,0.6,3.7,23.4,22.6
252,12,Karl Malone,1610612762,UTA,81,35.7,8.3,16.6,0.498,0,0.1,0.4,6.6,8.3,0.793,1.4,6.9,8.3,4.5,1.1,0.8,3,23.2,24.7
56,13,Gary Payton,1610612760,SEA,79,41.1,9.2,20.1,0.456,1.3,3.4,0.375,3.4,4.5,0.766,0.9,3.6,4.6,8.1,1.6,0.3,2.6,23.1,23.1
1495,14,Tim Duncan,1610612759,SAS,82,38.7,8.6,17.1,0.499,0.1,0.3,0.259,5,8.1,0.618,3.2,9,12.2,3,0.9,2.3,3,22.2,25.9
299,15,Glenn Robinson,1610612749,MIL,76,37,9,19.2,0.468,0.7,2.4,0.299,3.3,4,0.82,1.6,5.3,6.9,3.3,1.1,0.8,2.9,22,20.4
708,16,Kevin Garnett,1610612750,MIN,81,39.5,8.7,18.2,0.477,0.2,0.8,0.288,4.4,5.8,0.764,2.7,8.7,11.4,5,1.4,1.8,2.8,22,27.8
951,17,Ray Allen,1610612749,MIL,82,38.2,7.7,16,0.48,2.5,5.7,0.433,4.2,4.8,0.888,1.2,4,5.2,4.6,1.5,0.2,2.5,22,22.2
1717,18,Dirk Nowitzki,1610612742,DAL,82,38.1,7.2,15.2,0.474,1.8,4.8,0.387,5.5,6.6,0.838,1.5,7.7,9.2,2.1,1,1.2,1.9,21.8,24.3
714,19,Michael Finley,1610612742,DAL,82,42,8.7,18.9,0.458,1.1,3.2,0.346,3.1,4,0.775,1.3,3.9,5.2,4.4,1.4,0.4,2.3,21.5,19.5
686,20,Antonio McDyess,1610612743,DEN,70,36.5,8.2,16.6,0.495,0,0,0,4.3,6.2,0.7,3.4,8.6,12.1,2.1,0.6,1.5,2.3,20.8,24.5
949,21,Shareef Abdur-Rahim,1610612763,VAN,81,40,7.5,15.8,0.472,0.1,0.8,0.188,5.5,6.6,0.834,2.2,6.9,9.1,3.1,1.1,1,2.9,20.5,22.5
147,22,Jalen Rose,1610612754,IND,72,40.9,7.9,17.3,0.457,0.8,2.4,0.339,4,4.8,0.828,0.5,4.5,5,6,0.9,0.6,2.9,20.5,19.9
978,23,Peja Stojakovic,1610612758,SAC,75,38.7,7.5,15.9,0.47,1.9,4.8,0.4,3.6,4.2,0.856,1.2,4.5,5.8,2.2,1.2,0.2,1.9,20.4,18.8
1882,24,Elton Brand,1610612741,CHI,74,39.3,7.8,16.4,0.476,0,0,0,4.5,6.4,0.708,3.9,6.2,10.1,3.2,1,1.6,3,20.1,22.6
469,25,Jamal Mashburn,1610612766,CHH,76,39.3,7.5,18.3,0.413,1.4,3.8,0.356,3.7,4.8,0.766,1.2,6.4,7.6,5.4,1.1,0.2,2.8,20.1,19.8
1883,26,Steve Francis,1610612745,HOU,80,39.9,6.9,15.2,0.451,1.7,4.2,0.396,4.5,5.5,0.817,2.4,4.5,6.9,6.5,1.8,0.4,3.3,19.9,22.7
1891,27,Jason Terry,1610612737,ATL,82,37.7,7.3,16.7,0.436,1.5,3.8,0.395,3.7,4.4,0.846,0.5,2.8,3.3,4.9,1.3,0.1,2.9,19.7,16.4
1749,28,Cuttino Mobley,1610612745,HOU,79,38,6.7,15.4,0.434,1.1,3.2,0.357,5,6,0.831,1.1,4,5,2.5,1.1,0.3,2.1,19.5,16.6
739,29,Rasheed Wallace,1610612757,POR,77,38.2,7.7,15.3,0.501,0.7,2.1,0.321,3.2,4.2,0.766,1.9,5.9,7.8,2.8,1.2,1.8,2.1,19.2,22
397,30,Reggie Miller,1610612754,IND,81,39.3,6.4,14.5,0.44,2.1,5.7,0.366,4,4.3,0.928,0.5,3,3.5,3.2,1,0.2,1.6,18.9,16.7
275,31,Allan Houston,1610612752,NYK,78,36.6,6.9,15.5,0.449,1.2,3.2,0.381,3.6,3.9,0.909,0.3,3.4,3.6,2.2,0.7,0.1,2.1,18.7,14.4
208,32,Sam Cassell,1610612749,MIL,76,35.6,7.1,14.9,0.474,0.4,1.3,0.306,3.6,4.3,0.858,0.6,3.2,3.8,7.6,1.2,0.1,2.9,18.2,19.6
1888,33,Richard Hamilton,1610612764,WAS,78,32.3,7,16,0.438,0.5,1.9,0.274,3.6,4.1,0.868,1,2.1,3.1,2.9,1,0.1,2.6,18.1,13
436,34,Juwan Howard,1610612742,DAL,81,36.7,7.2,15,0.479,0,0,0,3.7,4.7,0.773,2.1,5,7.1,2.8,0.9,0.5,3,18,17.4
89,35,Nick Van Exel,1610612743,DEN,71,37.9,6.5,15.7,0.414,1.9,5,0.377,2.9,3.5,0.819,0.6,2.8,3.4,8.5,0.9,0.3,2.3,17.7,18.5
84,36,Latrell Sprewell,1610612752,NYK,77,39.2,6.8,15.8,0.43,0.5,1.8,0.304,3.6,4.6,0.783,0.6,3.9,4.5,3.5,1.4,0.4,2.8,17.7,14.6
1890,37,Shawn Marion,1610612756,PHX,79,36.2,7.1,14.7,0.48,0.3,1,0.256,3,3.7,0.81,2.8,7.9,10.7,2,1.7,1.4,1.6,17.3,23.2
133,38,David Wesley,1610612766,CHH,82,37.9,6.4,15.1,0.422,1.2,3.1,0.376,3.3,4.1,0.799,0.8,2,2.7,4.4,1.6,0.2,2.1,17.2,14.5
1885,39,Lamar Odom,1610612746,LAC,76,37.3,6.3,13.8,0.46,1.1,3.3,0.316,3.4,5.1,0.679,1.4,6.3,7.8,5.2,1,1.6,3.5,17.2,20.1
467,40,Jason Kidd,1610612756,PHX,77,39.8,5.9,14.2,0.411,0.9,3,0.297,4.3,5.2,0.814,1.2,5.2,6.4,9.8,2.2,0.3,3.7,16.9,22.4
361,41,Clifford Robinson,1610612756,PHX,82,33.5,6.1,14.5,0.422,1.1,3,0.361,3.1,4.4,0.709,1.3,2.8,4.1,2.9,1.1,1,2.3,16.4,13.5
1722,42,Michael Dickerson,1610612763,VAN,70,37.4,6.1,14.6,0.417,1.2,3.3,0.374,2.9,3.9,0.763,1,2.3,3.3,3.3,0.9,0.4,2.3,16.3,12.5
193,43,Anthony Mason,1610612748,MIA,80,40.7,5.8,11.9,0.482,0,0,0,4.6,5.9,0.781,2.1,7.5,9.6,3.1,1,0.3,2.2,16.1,20.5
210,44,Terrell Brandon,1610612750,MIN,78,36.2,6.6,14.5,0.451,0.4,1.2,0.363,2.5,2.9,0.871,0.8,3.1,3.8,7.5,2.1,0.3,2,16,19.3
1710,45,Mike Bibby,1610612763,VAN,82,38.9,6.4,14.1,0.454,1.3,3.5,0.379,1.7,2.3,0.761,0.6,3.1,3.7,8.4,1.3,0.1,3,15.9,18.1
353,46,Darrell Armstrong,1610612753,ORL,75,36.9,5.5,13.4,0.412,1.9,5.4,0.355,2.9,3.3,0.884,1.3,3.3,4.6,7,1.8,0.2,2.7,15.9,18.5
1889,47,Andre Miller,1610612739,CLE,82,34.7,5.5,12.2,0.452,0.2,0.8,0.266,4.6,5.5,0.833,1.1,3.2,4.4,8,1.5,0.3,3.2,15.8,19.2
959,48,Steve Nash,1610612742,DAL,70,34.1,5.5,11.3,0.487,1.3,3.1,0.406,3.3,3.7,0.895,0.7,2.5,3.2,7.3,1,0.1,2.9,15.6,18
1507,49,Derek Anderson,1610612759,SAS,82,34.9,5,12.1,0.416,1.2,3.1,0.399,4.2,4.9,0.851,0.9,3.5,4.4,3.7,1.5,0.2,2,15.5,15.4
258,50,Brian Grant,1610612748,MIA,82,33.8,5.9,12.3,0.479,0,0,0,3.4,4.3,0.797,2.6,6.1,8.8,1.2,0.7,0.9,2.1,15.2,17.5
896,51,Tim Hardaway,1610612748,MIA,77,33.9,5.3,13.5,0.392,2.5,6.7,0.366,1.9,2.4,0.801,0.3,2.3,2.6,6.3,1.2,0.1,2.5,14.9,13.9
1740,52,Rashard Lewis,1610612760,SEA,78,34.9,5.5,11.4,0.48,1.6,3.7,0.432,2.3,2.7,0.826,1.8,5.1,6.9,1.6,1.2,0.6,1.7,14.8,17
764,53,David Robinson,1610612759,SAS,80,29.6,5,10.3,0.486,0,0,0,4.4,5.9,0.747,2.6,6,8.6,1.5,1,2.5,1.5,14.4,19.6
1887,54,Wally Szczerbiak,1610612750,MIN,82,34.8,5.7,11.2,0.51,0.3,0.9,0.338,2.2,2.5,0.87,1.6,3.8,5.5,3.2,0.7,0.4,1.7,14,16.2
1884,55,Baron Davis,1610612766,CHH,82,38.9,5,11.7,0.427,1,3.3,0.31,2.8,4.1,0.677,1.6,3.4,5,7.3,2.1,0.4,2.8,13.8,17.8
213,56,Antonio Davis,1610612761,TOR,78,35,4.8,11.1,0.433,0,0,0,4.1,5.4,0.754,3.5,6.6,10.1,1.4,0.3,1.9,1.7,13.7,18
120,57,Steven Smith,1610612757,POR,81,31.4,4.4,9.7,0.456,1,2.8,0.339,3.8,4.3,0.89,1.1,2.3,3.4,2.6,0.6,0.3,1.7,13.6,13.1
923,58,Donyell Marshall,1610612762,UTA,81,28.7,5.3,10.5,0.503,0.5,1.6,0.32,2.5,3.4,0.751,2.1,4.9,7,1.6,1,1,1.6,13.6,16.6
922,59,Elden Campbell,1610612766,CHH,78,30,4.7,10.7,0.44,0,0.1,0,3.7,5.2,0.709,2,5.8,7.8,1.3,0.8,1.8,1.8,13.1,15.4
757,60,Damon Stoudamire,1610612757,POR,82,32.4,5,11.4,0.434,1,2.7,0.374,2.1,2.5,0.831,0.8,2.9,3.7,5.7,1.3,0.1,2.3,13,14.6
1739,60,Ruben Patterson,1610612760,SEA,76,27.1,4.9,9.9,0.494,0,0.5,0.056,3.2,4.8,0.681,2.4,2.6,5,2.1,1.4,0.6,2,13,13.6
1711,62,Raef LaFrentz,1610612743,DEN,78,31.5,5,10.4,0.477,0.7,1.8,0.367,2.3,3.4,0.698,2.2,5.6,7.8,1.4,0.5,2.6,1.2,12.9,17.5
976,63,Jeff McInnis,1610612746,LAC,81,35,5.3,11.5,0.463,0.6,1.8,0.361,1.6,2,0.807,0.5,2.2,2.7,5.5,0.9,0.1,1.4,12.9,14.2
979,64,Jermaine O'Neal,1610612754,IND,81,32.6,5,10.7,0.465,0,0.1,0,2.9,4.8,0.601,3.1,6.7,9.8,1.2,0.6,2.8,2,12.9,17.7
441,65,Lamond Murray,1610612739,CLE,78,28.5,5,11.9,0.423,0.8,2.1,0.37,2,2.7,0.735,1.3,3,4.4,1.6,1.1,0.3,1.8,12.8,10.8
1719,66,Bonzi Wells,1610612757,POR,75,26.6,5.2,9.7,0.533,0.2,0.7,0.34,2.1,3.2,0.663,1.6,3.3,4.9,2.8,1.3,0.3,2.3,12.7,14
1501,67,Tim Thomas,1610612749,MIL,76,27.4,4.3,10,0.43,1.4,3.4,0.412,2.6,3.3,0.771,1,3.1,4.1,1.8,1,0.6,1.5,12.6,12.2
953,68,Lorenzen Wright,1610612737,ATL,71,28,5.1,11.4,0.448,0,0,0,2.2,3,0.718,2.5,5,7.5,1.2,0.6,0.9,1.8,12.4,13.7
57,69,Doug Christie,1610612758,SAC,81,36.3,3.8,9.7,0.395,1.2,3.1,0.376,3.5,3.9,0.897,1.2,3.2,4.4,3.6,2.3,0.6,1.9,12.3,14.9
960,70,Tony Delk,1610612756,PHX,82,27.9,4.7,11.3,0.415,0.7,2,0.321,2.3,2.9,0.787,0.9,2.3,3.2,2,0.9,0.2,1.2,12.3,10.1
452,71,Vin Baker,1610612760,SEA,76,28,4.6,10.8,0.422,0,0.2,0.063,3.1,4.2,0.723,2.4,3.3,5.7,1.2,0.5,1,2.1,12.2,11
915,72,Rodney Rogers,1610612756,PHX,82,26.6,4.6,10.7,0.43,0.7,2.3,0.296,2.3,3,0.761,1.1,3.2,4.4,2.2,1.2,0.6,1.9,12.2,11.8
702,73,Voshon Lenard,1610612743,DEN,80,29.1,4.2,10.6,0.397,1.8,4.8,0.385,1.9,2.4,0.797,0.6,2.3,2.9,2.4,0.8,0.2,1.3,12.2,10.3
124,74,Vlade Divac,1610612758,SAC,81,29.9,4.5,9.3,0.482,0,0.2,0.286,3,4.3,0.691,2.6,5.8,8.3,2.9,1.1,1.1,2.4,12,16.9
1088,75,Chucky Atkins,1610612765,DET,81,29.2,4.7,11.8,0.399,1.5,4.2,0.357,1.1,1.6,0.692,0.3,1.8,2.1,4.1,0.8,0.1,1.8,12,9.7
779,76,Glen Rice,1610612752,NYK,75,29.5,4.4,10,0.44,1.1,2.8,0.389,2.1,2.4,0.852,0.8,3.3,4.1,1.2,0.5,0.2,1.3,12,10.7
935,77,Bryon Russell,1610612762,UTA,78,31.7,3.9,9,0.44,1.2,2.9,0.413,2.8,3.7,0.779,1.2,3,4.2,2.1,1.2,0.3,1.4,12,12.4
1897,78,Metta World Peace,1610612741,CHI,76,31.1,4.3,10.7,0.401,0.6,1.9,0.291,2.8,3.7,0.75,0.8,3.1,3.9,3,2,0.6,2.1,11.9,12
696,79,Travis Best,1610612754,IND,77,31.9,4.5,10.2,0.44,0.5,1.3,0.381,2.4,2.9,0.827,0.5,2.4,2.9,6.1,1.4,0.1,1.6,11.9,14.6
2034,80,Mike Miller,1610612753,ORL,82,29.1,4.5,10.3,0.436,1.8,4.4,0.407,1.1,1.6,0.711,0.8,3.2,4,1.7,0.6,0.2,1.2,11.9,11
243,81,Aaron McKie,1610612755,PHI,76,31.5,4.4,9.4,0.473,0.7,2.2,0.312,2,2.6,0.768,0.4,3.7,4.1,5,1.4,0.1,2.7,11.6,13.9
304,82,John Stockton,1610612762,UTA,82,29.2,4,7.9,0.504,0.7,1.6,0.462,2.8,3.4,0.817,0.7,2.1,2.8,8.7,1.6,0.3,2.5,11.5,17.8
423,83,Chris Gatling,1610612739,CLE,74,22.6,4.4,9.9,0.449,0.4,1.2,0.304,2.1,3.1,0.684,1.3,3.9,5.3,0.8,0.7,0.4,1.6,11.4,10.5
221,84,Clar. Weatherspoon,1610612739,CLE,82,33.8,4.2,8.4,0.501,0,0,0,2.8,3.5,0.79,2.7,7,9.7,1.3,1,1.3,1.4,11.3,18.2
271,85,Johnny Newman,1610612751,NJN,82,25,3.5,8.5,0.419,0.7,2.1,0.335,3.1,3.6,0.855,0.4,1.7,2.1,1.4,0.8,0.1,1.3,10.9,8.6
15,86,Eric Piatkowski,1610612746,LAC,81,26.5,3.6,8.3,0.433,1.5,3.7,0.404,2,2.2,0.873,0.7,2.3,3,1.2,0.6,0.2,0.9,10.6,9.7
324,87,Anthony Peeler,1610612750,MIN,75,28.3,4.1,9.8,0.421,1.3,3.4,0.391,1,1.2,0.862,0.6,2,2.6,2.6,1.2,0.2,1.4,10.5,9.9
673,88,Alan Henderson,1610612737,ATL,73,24.8,4.1,9.2,0.444,0,0,0,2.4,3.7,0.638,2.5,3.1,5.6,0.7,0.7,0.4,1.7,10.5,9.7
703,89,Kurt Thomas,1610612752,NYK,77,27.6,4.1,8,0.511,0,0,0.333,2.2,2.7,0.814,2.2,4.5,6.7,0.8,0.8,0.9,1.3,10.4,13.9
1425,90,Aaron Williams,1610612751,NJN,82,28.5,3.6,7.9,0.457,0,0,0,3,3.8,0.787,2.6,4.6,7.2,1.1,0.7,1.4,1.6,10.2,13.9
1506,91,Austin Croshere,1610612754,IND,81,23.1,3.4,8.7,0.394,0.9,2.6,0.338,2.5,2.9,0.866,1.5,3.3,4.8,1.1,0.4,0.6,1.7,10.1,9.8
283,92,Lindsey Hunter,1610612749,MIL,82,24.4,3.6,9.5,0.381,1.9,5,0.373,0.9,1.2,0.802,0.4,1.7,2.1,2.7,1.2,0.1,0.8,10.1,9.2
87,93,Dikembe Mutombo,1610612755,PHI,75,34.5,3.6,7.4,0.484,0,0,0,2.8,3.9,0.725,4.1,9.4,13.5,1,0.4,2.7,1.9,10,20.8
1541,94,Alvin Williams,1610612761,TOR,82,29.2,4,9.4,0.43,0.4,1.3,0.306,1.3,1.8,0.752,0.6,2,2.6,5,1.5,0.3,1.3,9.8,12.1
179,95,Bryant Stith,1610612738,BOS,78,32.1,3.1,7.8,0.401,1.2,3.1,0.376,2.2,2.7,0.845,0.8,2.8,3.6,2.2,1.2,0.2,1.2,9.7,10.6
121,96,Patrick Ewing,1610612760,SEA,79,26.7,3.7,8.7,0.43,0,0,0,2.2,3.2,0.685,1.6,5.8,7.4,1.2,0.7,1.2,1.9,9.6,12.2
296,97,Rick Fox,1610612747,LAL,82,27.9,3.5,7.9,0.444,1.4,3.7,0.393,1.2,1.5,0.779,1,3,4,3.2,0.9,0.4,1.7,9.6,11.6
45,98,George McCloud,1610612743,DEN,76,26.4,3.3,8.6,0.382,1,3.1,0.329,2,2.4,0.84,0.7,2.2,2.9,3.7,0.7,0.4,1.5,9.6,10
891,99,Charles Oakley,1610612761,TOR,78,35.5,3.9,10.1,0.388,0.1,0.6,0.224,1.6,1.9,0.836,1.8,7.7,9.5,3.4,1,0.6,1.8,9.6,15.8
238,100,Tyrone Hill,1610612755,PHI,76,31.1,3.7,7.7,0.474,0,0,0,2.3,3.6,0.63,3.1,5.9,9,0.6,0.5,0.4,1.7,9.6,13
2033,101,Marcus Fizer,1610612741,CHI,72,21.9,3.9,9,0.43,0.1,0.5,0.256,1.6,2.2,0.727,1.1,3.3,4.3,1.1,0.4,0.3,1.7,9.5,8.1
1498,102,Antonio Daniels,1610612759,SAS,79,26.1,3.5,7.4,0.468,0.9,2.3,0.404,1.5,2,0.776,0.3,1.7,2.1,3.8,0.8,0.2,1.4,9.4,10.5
111,103,LaPhonso Ellis,1610612750,MIN,82,23.8,3.6,7.8,0.464,0.1,0.3,0.318,2.1,2.6,0.79,2.4,3.6,6,1.1,0.8,0.9,1.3,9.4,12.2
2032,104,Darius Miles,1610612746,LAC,81,26.3,3.9,7.8,0.505,0,0.2,0.053,1.5,2.9,0.521,1.6,4.3,5.9,1.2,0.6,1.5,1.8,9.4,11.6
446,105,Lucious Harris,1610612751,NJN,73,28.4,3.6,8.5,0.425,0.6,1.8,0.348,1.5,1.9,0.77,1,3,3.9,1.8,1,0.2,0.9,9.4,10.2
1715,106,Jason Williams,1610612758,SAC,77,29.7,3.6,9,0.407,1.3,4,0.315,0.8,1,0.789,0.2,2.2,2.4,5.4,1.2,0.1,2.1,9.4,10.9
2050,107,Morris Peterson,1610612761,TOR,80,22.6,3.6,8.4,0.431,0.8,2.1,0.382,1.3,1.8,0.717,1.4,1.8,3.2,1.3,0.8,0.3,1,9.3,8.7
363,108,Christian Laettner,1610612764,WAS,78,21.3,3.6,7.1,0.503,0.1,0.2,0.308,2.2,2.6,0.833,1.5,3.2,4.7,1.6,0.9,0.6,1.8,9.3,11.4
317,109,John Starks,1610612762,UTA,75,28.3,3.6,9.1,0.398,0.9,2.4,0.352,1.2,1.5,0.802,0.4,1.7,2.1,2.4,1,0.1,1.3,9.3,7.8
1497,110,Chauncey Billups,1610612750,MIN,77,23.2,3.2,7.6,0.422,0.9,2.5,0.376,1.9,2.2,0.842,0.4,1.6,2.1,3.4,0.7,0.1,1.4,9.3,9.3
788,111,Kevin Willis,1610612743,DEN,78,23.5,3.9,8.8,0.441,0,0.1,0.167,1.4,1.9,0.769,2.3,4.6,6.8,0.6,0.7,0.7,1.1,9.3,11.6
697,112,Fred Hoiberg,1610612741,CHI,74,30.4,2.9,6.7,0.438,1.4,3.4,0.412,1.8,2.1,0.866,0.3,3.9,4.2,3.6,1.3,0.2,1,9.1,13.3
458,113,Howard Eisley,1610612742,DAL,82,29.6,3.2,8.2,0.393,1.3,3.3,0.398,1.3,1.5,0.825,0.3,2.1,2.4,3.6,1.2,0.1,1.2,9,9.9
970,114,Othella Harrington,1610612752,NYK,74,24.5,3.3,6.9,0.487,0,0,0,2.3,3,0.763,1.9,3.4,5.2,0.8,0.5,0.6,2,9,9.9
1000,115,Shandon Anderson,1610612745,HOU,82,29.2,3.2,7.2,0.446,0.6,2.1,0.271,1.7,2.3,0.734,0.9,3.2,4.1,2.3,1,0.5,1.6,8.7,10.3
1709,116,Michael Olowokandi,1610612746,LAC,82,25.9,3.8,8.6,0.435,0,0,0,1,1.9,0.545,2,4.4,6.4,0.6,0.4,1.3,2.1,8.5,9.4
270,117,Horace Grant,1610612747,LAL,77,31,3.4,7.4,0.462,0,0,0,1.7,2.2,0.775,2.9,4.2,7.1,1.6,0.7,0.8,0.6,8.5,13.5
136,118,P.J. Brown,1610612766,CHH,80,35.1,3.1,7,0.444,0,0.1,0,2.2,2.6,0.852,3.2,6.1,9.3,1.6,1,1.2,1.4,8.5,15.8
248,119,George Lynch,1610612755,PHI,82,32.3,3.3,7.5,0.445,0.2,0.7,0.263,1.5,2.1,0.719,2.4,4.8,7.2,1.7,1.2,0.4,1.3,8.4,12.7
1005,120,Walt Williams,1610612745,HOU,72,22,2.8,7.1,0.394,1.4,3.4,0.395,1.3,1.8,0.77,0.4,3,3.4,1.3,0.4,0.4,1,8.3,8.1
735,121,Bryant Reeves,1610612763,VAN,75,24.4,3.4,7.4,0.46,0,0.1,0.25,1.5,1.9,0.796,1.8,4.3,6,1.1,0.6,0.7,1.2,8.3,11.1
1727,122,Pat Garrity,1610612753,ORL,76,20.8,2.9,7.6,0.387,1.3,2.9,0.433,1.1,1.3,0.867,0.7,2.1,2.8,0.7,0.5,0.2,0.9,8.3,6.7
1536,123,Stephen Jackson,1610612751,NJN,77,21.6,3.2,7.4,0.425,0.7,2,0.335,1.3,1.8,0.719,0.5,2.2,2.7,1.8,1.1,0.2,1.7,8.2,7.6
1899,124,James Posey,1610612743,DEN,82,27.5,3,7.2,0.412,0.8,2.6,0.3,1.4,1.7,0.816,1.5,3.7,5.3,2,1.1,0.5,1.2,8.1,11.2
2047,125,Quentin Richardson,1610612746,LAC,76,17.9,3.1,6.9,0.442,0.7,2,0.331,1.3,2.1,0.627,1.4,2,3.4,0.8,0.6,0.1,0.8,8.1,7.4
680,126,John Amaechi,1610612753,ORL,82,20.9,2.9,7.2,0.4,0,0.1,0,2.1,3.4,0.631,0.9,2.3,3.3,0.9,0.3,0.4,1.5,7.9,5.7
1721,127,Keon Clark,1610612761,TOR,81,21.2,3.1,6.4,0.48,0,0,0,1.8,3,0.592,1.7,3.7,5.4,0.9,0.4,1.9,1.1,7.9,10.8
1732,128,Felipe Lopez,1610612750,MIN,70,22.4,3,6.8,0.441,0.3,0.7,0.365,1.6,2.2,0.699,0.8,2.6,3.3,1.5,0.9,0.4,1.2,7.9,8.4
349,129,Mark Jackson,1610612752,NYK,83,31.2,2.9,7,0.419,0.8,2.5,0.338,0.9,1.1,0.785,0.8,2.9,3.7,8,1,0.1,2.1,7.6,13.9
1477,130,Bruce Bowen,1610612748,MIA,82,32.7,2.6,7.1,0.363,1.3,3.7,0.336,1.2,2,0.609,0.5,2.4,3,1.6,1,0.6,0.9,7.6,7.7
1733,131,Al Harrington,1610612754,IND,78,24.3,3.1,7,0.444,0,0.1,0.143,1.3,2,0.656,1.5,3.4,4.9,1.7,0.8,0.2,1.9,7.5,8.6
958,132,Vitaly Potapenko,1610612738,BOS,82,23.2,3,6.4,0.476,0,0,0,1.4,1.9,0.728,2.5,3.5,6,0.8,0.6,0.3,1.3,7.5,10
330,133,Danny Manning,1610612762,UTA,82,15.9,3,6.1,0.494,0.1,0.3,0.25,1.2,1.7,0.729,0.8,1.8,2.6,1.1,0.6,0.4,1.2,7.4,7.3
448,134,Bo Outlaw,1610612753,ORL,80,31.7,2.8,4.6,0.614,0,0,0.5,1.6,2.8,0.573,2.6,5.1,7.7,2.8,1.3,1.7,1.8,7.3,16.1
1517,135,Bobby Jackson,1610612758,SAC,79,20.9,2.9,6.7,0.439,0.5,1.3,0.375,0.8,1.1,0.739,0.9,2.2,3.1,2,1.1,0.1,1.3,7.2,8.2
345,136,Terry Porter,1610612759,SAS,80,21,2.5,5.5,0.448,1.1,2.6,0.424,1.2,1.5,0.793,0.3,2.2,2.5,3.1,0.7,0.1,1.3,7.2,9
905,137,Dale Davis,1610612757,POR,81,26.7,3,6,0.497,0,0,0,1.2,1.9,0.632,2.9,4.6,7.5,1.3,0.5,0.9,0.8,7.2,12.9
679,138,Jason Caffey,1610612749,MIL,70,20.9,2.6,5.2,0.488,0,0,0,2,3,0.673,1.9,3.1,5,0.8,0.5,0.4,1.1,7.1,9.1
1903,139,Kenny Thomas,1610612745,HOU,74,24.6,2.8,6.3,0.443,0.3,1.2,0.272,1.2,1.7,0.722,1.6,4,5.6,1,0.5,0.6,1.6,7.1,9.4
762,140,Shawn Bradley,1610612742,DAL,82,24.4,2.7,5.5,0.49,0,0.1,0.167,1.7,2.2,0.787,2,5.5,7.4,0.5,0.4,2.8,1.1,7.1,13.8
983,141,Moochie Norris,1610612745,HOU,82,20.2,2.2,5,0.446,0.3,1.1,0.281,1.8,2.4,0.778,0.5,1.9,2.4,3.5,0.8,0,1.3,6.6,8.7
677,142,Eric Williams,1610612738,BOS,81,21.5,2,5.5,0.362,0.6,1.7,0.331,2,2.9,0.714,0.8,1.8,2.6,1.4,0.8,0.2,0.9,6.6,6.2
1800,143,Damon Jones,1610612763,VAN,71,19.9,2.4,5.9,0.409,1.2,3.3,0.364,0.5,0.7,0.712,0.2,1.5,1.7,3.2,0.5,0,1.1,6.5,7.2
123,144,Robert Pack,1610612743,DEN,74,17,2.4,5.8,0.425,0.2,0.4,0.387,1.4,1.9,0.766,0.4,1.4,1.9,4,0.9,0,1.8,6.5,7.6
1513,145,Scot Pollard,1610612758,SAC,77,21.5,2.4,5.1,0.468,0,0,0,1.7,2.2,0.749,2.2,3.8,6,0.6,0.6,1.3,0.9,6.5,10.9
1112,146,Ben Wallace,1610612765,DET,80,34.5,2.7,5.5,0.49,0,0.1,0.25,1,3,0.336,3.8,9.4,13.2,1.5,1.3,2.3,1.5,6.4,18.5
1853,147,Anthony Carter,1610612748,MIA,72,22.6,2.7,6.7,0.406,0.1,0.6,0.15,0.9,1.4,0.631,0.6,1.9,2.5,3.7,1,0.1,1.7,6.4,7.6
1720,148,Michael Doleac,1610612753,ORL,77,18.2,2.9,6.8,0.417,0,0,0,0.6,0.8,0.847,0.9,2.6,3.5,0.8,0.5,0.5,0.8,6.4,6.9
1521,149,Jacque Vaughn,1610612762,UTA,82,19.8,2.1,4.8,0.433,0.4,1,0.385,1.6,2,0.78,0.2,1.6,1.8,3.9,0.6,0,1.6,6.1,7.7
209,150,Dell Curry,1610612761,TOR,71,13.5,2.3,5.4,0.424,0.9,2,0.428,0.6,0.7,0.843,0.2,1,1.2,1.1,0.4,0.1,0.5,6,5
2046,151,Desmond Mason,1610612760,SEA,78,19.5,2.4,5.6,0.431,0.2,0.9,0.269,0.9,1.2,0.736,0.9,2.3,3.2,0.8,0.5,0.3,0.7,5.9,6.5
2039,152,Keyon Dooling,1610612746,LAC,76,16.3,1.9,4.8,0.409,0.4,1.1,0.35,1.6,2.4,0.698,0.1,1.1,1.2,2.3,0.5,0.1,1.2,5.9,5.3
1714,153,Robert Traylor,1610612739,CLE,70,17.3,2.3,4.6,0.497,0,0,0,1.1,2,0.567,1.8,2.5,4.3,0.9,0.7,1.1,1.4,5.7,8.1
198,154,Danny Ferry,1610612759,SAS,80,21.1,2.2,4.7,0.475,0.9,2,0.449,0.3,0.4,0.733,0.7,2.1,2.8,0.9,0.4,0.3,0.6,5.6,6.7
399,155,Sean Rooks,1610612746,LAC,82,18.9,2.1,4.8,0.428,0,0,0.5,1.3,1.7,0.748,1.1,2.6,3.7,0.9,0.4,0.8,0.9,5.4,7.2
2043,156,Mateen Cleaves,1610612765,DET,78,16.3,2.1,5.1,0.4,0.1,0.2,0.294,1.2,1.8,0.708,0.3,1.4,1.7,2.7,0.6,0,1.8,5.4,5
178,157,Olden Polynice,1610612762,UTA,81,20,2.5,5.1,0.496,0,0,0,0.2,0.8,0.262,1.9,2.7,4.7,0.4,0.3,1,1,5.3,7.5
2045,158,Hedo Turkoglu,1610612758,SAC,74,16.8,1.9,4.5,0.412,0.4,1.2,0.326,1.2,1.5,0.777,0.7,2.2,2.8,0.9,0.7,0.3,0.7,5.3,6.3
216,159,Brian Shaw,1610612747,LAL,80,22.9,2.1,5.1,0.399,0.5,1.7,0.311,0.6,0.8,0.797,0.6,3.2,3.8,3.2,0.6,0.3,1.2,5.3,8.8
109,160,Robert Horry,1610612747,LAL,79,20.1,1.9,4.8,0.387,0.7,2,0.346,0.7,1.1,0.711,1.2,2.6,3.7,1.6,0.7,0.7,1,5.2,7.6
2035,161,DerMarr Johnson,1610612737,ATL,78,16.8,1.9,5,0.374,0.5,1.6,0.323,0.8,1.1,0.736,0.7,1.6,2.3,0.8,0.6,0.4,1.2,5.1,4.5
42,162,Monty Williams,1610612753,ORL,82,14.8,2,4.4,0.445,0,0.2,0.077,1,1.6,0.639,1,1.9,3,1,0.4,0.2,1,5,5.4
2031,163,Stromile Swift,1610612763,VAN,80,16.4,1.9,4.2,0.451,0,0.1,0,1.1,1.8,0.603,1.4,2.2,3.6,0.4,0.8,1,0.8,4.9,6.8
1607,164,Troy Hudson,1610612753,ORL,75,13.4,1.7,5,0.336,0.3,1.5,0.202,1.1,1.4,0.817,0.5,0.9,1.4,2.2,0.5,0,1.2,4.8,4.1
164,165,Chris Childs,1610612761,TOR,77,24.1,1.8,4.4,0.403,0.4,1.4,0.302,0.8,0.9,0.845,0.3,2.3,2.6,4.6,0.8,0.2,2,4.7,8.1
2048,166,Jamaal Magloire,1610612766,CHH,74,14.8,1.6,3.7,0.45,0,0,0,1.3,2,0.655,1.4,2.6,4,0.4,0.2,1.1,0.8,4.6,6.7
1741,167,Jelani McCoy,1610612760,SEA,70,16.3,2,3.8,0.523,0,0,0,0.6,1.3,0.441,1.3,2.3,3.6,0.8,0.3,0.7,1.1,4.5,6.3
1725,168,Rasho Nesterovic,1610612750,MIN,73,16.9,2,4.4,0.461,0,0,0,0.5,0.9,0.523,1.4,2.6,3.9,0.6,0.3,0.9,0.8,4.5,6.7
731,169,Greg Ostertag,1610612762,UTA,81,18.4,1.7,3.5,0.495,0,0,0.5,1,1.9,0.556,2,3.1,5.1,0.3,0.3,1.8,0.8,4.5,8.5
920,170,A.C. Green,1610612748,MIA,82,17.2,1.8,4,0.444,0,0.1,0,1,1.4,0.712,1.3,2.5,3.8,0.5,0.4,0.1,0.5,4.5,6.1
1630,171,Mikki Moore,1610612765,DET,81,14.2,1.6,3.3,0.493,0,0,0,1.2,1.6,0.731,1.5,2.4,3.9,0.4,0.3,0.8,0.9,4.4,6.8
2069,172,Hanno Mottola,1610612737,ATL,73,13.5,1.7,3.8,0.444,0,0,0,1,1.2,0.811,0.7,1.7,2.4,0.3,0.2,0.1,0.9,4.4,4.1
63,173,Michael Smith,1610612764,WAS,79,20.4,1.3,2.8,0.486,0,0,0,1.1,1.9,0.578,2.2,4.9,7.1,1.3,0.7,0.5,0.8,3.8,10.4
1902,174,Jeff Foster,1610612754,IND,71,16.2,1.4,3,0.469,0,0.1,0.286,0.7,1.3,0.516,2,3.5,5.5,0.5,0.5,0.4,0.7,3.5,7.5
417,175,Sam Mitchell,1610612750,MIN,82,12,1.4,3.5,0.408,0.1,0.5,0.209,0.5,0.7,0.727,0.3,1.2,1.5,0.7,0.3,0.1,0.4,3.5,3.4
1915,176,Evan Eschmeyer,1610612751,NJN,74,18,1.2,2.7,0.46,0,0,0,0.9,1.4,0.657,1.8,3.1,4.9,0.5,0.6,0.8,0.7,3.4,7.6
911,177,Ervin Johnson,1610612749,MIL,82,24.2,1.3,2.4,0.545,0,0,0,0.6,1.1,0.538,2.5,5,7.5,0.5,0.5,1.2,0.6,3.2,10.7
1563,178,Kevin Ollie,1610612755,PHI,70,13.2,1.1,2.7,0.396,0,0,0.333,0.9,1.3,0.708,0.2,1.1,1.4,2.1,0.4,0,0.7,3.1,4.2
1051,179,Dean Garrett,1610612750,MIN,70,11.9,1.1,2.2,0.481,0,0,0,0.4,0.6,0.692,0.9,2.2,3.1,0.3,0.4,0.7,0.4,2.5,5.4
2058,180,Mark Madsen,1610612747,LAL,70,9.2,0.8,1.6,0.487,0,0,1,0.4,0.5,0.703,1.1,1.1,2.2,0.3,0.1,0.1,0.4,2,3.3
